"","link","file","vector_number","vector_name","file_name"
"1","","",1,"RCAS AP",""
"2","","",2,"RCAS c myc",""
"3","","",3,"RCAS LacZ",""
"4","","",4,"RCAS GFP",""
"5","","",6,"RCAS cyclinD1",""
"6","","",7,"RCAS S37AB catenin",""
"7","","",8,"RCAS middleT",""
"8","","",9,"RCAS Tag",""
"9","","",10,"RCAS Puro",""
"10","","",11,"RCAS Tyrosinase",""
"11","","",12,"RCAS B lac",""
"12","","",13,"RCASBP(A) luciferase",""
"13","","",15,"RCASBP  Y DV(A)",""
"14","","",16,"Tet on RCAS X",""
"15","","",17,"RCAS B AKT (bovine)",""
"16","","",18,"RCAS BP (A) AKT HA (mouse myr-Akt-HA, used on all DCT Ms)",""
"17","","",19,"RCAS BP(A) ΔAKT HA (mouse myr-AktΔ11-60-HA)",""
"18","","",20,"RCAS HA k rasG12D",""
"19","","",21,"RCAS k ras FLAG",""
"20","","",22,"RCAS k rasV12 MP1",""
"21","","",23,"RCAS h ras HA",""
"22","","",24,"RCAS h ras V12",""
"23","","",25,"RCAS huHGF",""
"24","","",26,"RCAS bFGF",""
"25","","",27,"RCAS RFP",""
"26","","",28,"RCAS cdk5 IRES p25",""
"27","","",29,"RCAS p25 IRS",""
"28","","",30,"RCAS Bfl 1",""
"29","","",32,"RSKwt RCAS GW",""
"30","","",33,"RCAS Y  MEK1 GF",""
"31","","",34,"RCAS Nk4",""
"32","","",35,"RCAS Nk4 HA",""
"33","","",36,"RCAS FRAT1 Flag",""
"34","","",37,"RCAS CKI epsilon",""
"35","","",38,"RCAS Wnt1 HA",""
"36","","",39,"RCAS Wnt5A",""
"37","","",40,"RCASBP(c) sTVA GFP",""
"38","","",41,"RCAS Large T",""
"39","","",44,"pYAP6 CMV GFP",""
"40","","",45,"pYAP6 GFP",""
"41","","",46,"pEntr3C CMV GFP",""
"42","","",47,"pEntr3C GFP",""
"43","","",48,"pDEST RCAS hRSK1 myr",""
"44","","",51,"RCAS Cre",""
"45","","",53,"RCAS Tet off",""
"46","","",54,"RCAS Y DV BRAF wt",""
"47","","",55,"RCAS Y DV BRAF V599E",""
"48","","",56,"pENTR3C BRAF",""
"49","","",57,"pENTR3C BRAF V599E",""
"50","","",60,"RCAS Y DV Nras Q61R",""
"51","","",61,"RCAS Y DV RSK CAI",""
"52","","",62,"RCAS Y DV RSK CAII",""
"53","","",64,"pENTR3C Nras Q61R",""
"54","","",65,"RCAS Y DV Bcl XL",""
"55","","",66,"RCASBP(M2C) 797 8 (reduced toxicity ampho)",""
"56","","",69,"RCASBP(M) Rfc.1 (Destination Vector) clone #2",""
"57","","",70,"RCANBP(M) DV clone #7",""
"58","","",71,"RCANBP(M) clone #13",""
"59","","",73,"RCASBP(M) Braf",""
"60","","",78,"RCASBP(M) Survivin",""
"61","","",81,"RCANBP(M) GFP",""
"62","","",82,"RCANBP(M) CMV GFP",""
"63","","",90,"pENTR3C hBAD 3SA",""
"64","","",91,"pENTR3C hBAD wt",""
"65","","",92,"pENTR3C hBid",""
"66","","",93,"pENTR3C Bim EL",""
"67","","",95,"pENTR3C Bim S",""
"68","","",96,"RCANBP(M) Bad 24",""
"69","","",97,"RCANBP(A) Bad 24",""
"70","","",98,"RCANBP(M) Bad 433",""
"71","","",99,"RCANBP(M) Bad 445",""
"72","","",100,"RCANBP(A) Bad 445",""
"73","","",101,"RCANBP(A) Bim 37",""
"74","","",102,"RCANBP(A) Bad 433",""
"75","","",104,"RCASBP(M) T34A survivin",""
"76","","",105,"RCASBP(M) C84A survivin",""
"77","","",106,"RCANBP(M) Bim 37 clone #1",""
"78","","",107,"RCANBP(M) Bim 37 clone #2",""
"79","","",108,"pENTR Tet Off mini prep #1",""
"80","","",109,"pENTR3C tvb 703",""
"81","","",110,"pENTR3C tvb 889",""
"82","","",111,"pENTR3C tvb 1121",""
"83","","",113,"Bim EL S59A (from mp#7)",""
"84","","",114,"Bim EL S77A (from mp#15)",""
"85","","",115,"Bim EL T34A (from mp#39)",""
"86","","",116,"RCANBP(A) tvb 703",""
"87","","",117,"RCANBP(A) tvb 889",""
"88","","",118,"RCANBP(A) tvb 1121",""
"89","","",120,"pCR8 GW TOPO NRas",""
"90","","",121,"RCASBP(A) NRas wt",""
"91","","",122,"RCASBP(M) NRas wt",""
"92","","",123,"pCR8 GW TOPO NRas QC V12 (T >G) mp#5",""
"93","","",125,"RCASBP(A) NRas V12",""
"94","","",127,"pDEST R4 R3 TK (from Matt Edick)",""
"95","","",128,"RCANBP(A) H1shGFP",""
"96","","",129,"RCANBP(A) mU6shGFP",""
"97","","",132,"RCAS c myc (same as #2 in DB)",""
"98","","",134,"pENTR3C H1 chicken GAPDH mp DNA from Jen White",""
"99","","",135,"RCANBP(A) cU6 2chickenGAPDH shGFP",""
"100","","",136,"pENTR3C TRE Akt HA mp DNA",""
"101","","",137,"RCANBP(A) H1chickenshGAPDH",""
"102","","",138,"pENTR3c TRE2BMF",""
"103","","",139,"pENTR3c TRE2BMF L138A",""
"104","","",140,"pENTR3c TRE2BIK",""
"105","","",141,"RCANBP(M) TRE BMF clone#1",""
"106","","",142,"RCANBP(M) TRE BMFL138A clone#1",""
"107","","",143,"RCANBP(M) TRE Bik clone#3",""
"108","","",144,"pENTR3C KRas mp#3",""
"109","","",145,"pENTR3C Akt mp#2",""
"110","","",147,"RCASBP(M) Akt",""
"111","","",148,"pTet On (From MVB)",""
"112","","",149,"pENTR3c myc",""
"113","","",150,"RCASBP(M) myc (mini prep)",""
"114","","",151,"RCASBP(M) myc.1 maxiprep",""
"115","","",154,"pENTR3C shGFP #1 2/4/06",""
"116","","",155,"pENTR3C H1 shGFP #1 7/25/05",""
"117","","",156,"RCASBP(M) rtTA IRES PURO clone #2",""
"118","","",159,"pTRE2Hygro BMF",""
"119","","",160,"pTRE2Hygro BMFL138A",""
"120","","",161,"pTRE2Hygro Bik",""
"121","","",162,"pTRE2Hygro BikL61G",""
"122","","",164,"pBluescript EGFRvIII  #1 4/19/06 maxi",""
"123","","",165,"pENTR3c EGFRvIII clone 10",""
"124","","",166,"RCASBP(M)EGFR*",""
"125","","",167,"pENTR3C-Tre-mirnoleader",""
"126","","",168,"pENTR3c TRE_EGFRvIII clone3",""
"127","","",169,"pENTR3c TRE EGFRvIII clone5",""
"128","","",171,"pENTR3c RAV2 112",""
"129","","",172,"pENTR3c RAV2 214",""
"130","","",173,"pENTR3c RAV2 408",""
"131","","",174,"pENTR3c RAV2 510",""
"132","","",175,"pENTR3c RAV2 854",""
"133","","",176,"RCAS mir 112",""
"134","","",177,"RCAS mir 214",""
"135","","",178,"RCAS mir 408",""
"136","","",179,"RCAS mir 510",""
"137","","",180,"RCAS mir 854",""
"138","","",181,"DASBP egfp",""
"139","","",182,"DANBP cmv gfp",""
"140","","",183,"DASBR",""
"141","","",185,"penv(A)",""
"142","","",187,"RCANBP∆F1`",""
"143","","",188,"RCASBP∆F1`",""
"144","","",189,"pBK7 6 2",""
"145","","",191,"RCASBP(A) EGFP cmir30/luc1309",""
"146","","",192,"RCASBP(A) EGFP cmir30/EGFP",""
"147","","",193,"FG12 cmv",""
"148","","",194,"pDest FG12 cmv",""
"149","","",195,"FG12 cmv mir510",""
"150","","",196,"FG12 cmv Jdcont",""
"151","","",197,"pEntr Braf(V600E)/V5 HisA",""
"152","","",198,"RAP",""
"153","","",199,"MESD",""
"154","","",200,"wt Lrp5 Myc",""
"155","","",201,"Lrp5 D11Y",""
"156","","",202,"Lrp5 G171R",""
"157","","",203,"Lrp5 G171V",""
"158","","",204,"Lrp5 A214T",""
"159","","",205,"Lrp5 A214V",""
"160","","",206,"Lrp5 A242T",""
"161","","",207,"Lrp5 T253I",""
"162","","",208,"RCASBP(A)Tet On",""
"163","","",209,"RCASBP(A)Tet On IRES Puro",""
"164","","",210,"RCASBP(A)Tet On IRES GFP",""
"165","","",211,"RCANBP(A) TRE KRAS FLAG",""
"166","","",212,"RCANBP(A) DV",""
"167","","",213,"pENTR3C TRE KRAS FLAG",""
"168","","",214,"pENTR TRE",""
"169","","",215,"FG12 CMV RSK K94/447R",""
"170","","",216,"pCR8/GW/TOPO Mek_GF V5 clone#1",""
"171","","",217,"RCAS DV (A) c Kit",""
"172","","",218,"RCASBP DV (A) c Kit HA",""
"173","","",219,"RCAS DV (A) AKT3",""
"174","","",220,"RCASBP DV (A) Myr AKT3",""
"175","","",221,"RCAS DV (A) BRAF (MIKL)",""
"176","","",222,"RCAS DV (A) BRAF (MIKL) VE",""
"177","","",223,"RCAS DV (A) HGF Xpress",""
"178","","",224,"RCAS DV (A) Nras (HA) IRES GFP",""
"179","","",225,"RCAN DV (A) TRE NRas IRES GFP",""
"180","","",226,"RCAS DV (A) XIAP",""
"181","","",227,"RCAS BP (M) XIAP V5",""
"182","","",228,"RCAS DV (A) ATX (autotaxin)",""
"183","","",229,"RCAS DV (A) ATX HA",""
"184","","",230,"pENTR 3C Bcl 2 HA",""
"185","","",231,"pENTR 3C Bcl xL HA",""
"186","","",232,"pENTR 3C Bfl 1 HA",""
"187","","",233,"pENTR 3C Mcl 1 HA",""
"188","","",234,"pENTR 3C Bim V5",""
"189","","",235,"pENTR 3C Bmf V5",""
"190","","",236,"pENTR 3C Bmf L138A V5",""
"191","","",237,"pCR8 AKT3",""
"192","","",238,"pCR8 c Kit",""
"193","","",239,"pCR8 c Kit HA",""
"194","","",240,"pCR8 Myr AKT3",""
"195","","",242,"pENTR/D BRAF (MIKL) VE",""
"196","","",243,"RCAS DV (A) Nras(Q61R) IRES CRE",""
"197","","",244,"RCAS DV (A) Bfl 1 HA",""
"198","","",245,"RCAS DV (A) Bcl 2 HA",""
"199","","",246,"RCAS DV (A) Bcl xL HA",""
"200","","",247,"RCAS DV (A) Mcl 1 HA",""
"201","","",248,"pENTR 3C TRE Nras IRES AKT",""
"202","","",249,"pENTR 3C Kras (FLAG)",""
"203","","",250,"pENTR 3C TRE Kras IRES AKT",""
"204","","",251,"FG12 CMV DYNLL1",""
"205","","",252,"FG12 CMV DYNLL2",""
"206","","",253,"pCR8 DYNLL1",""
"207","","",254,"pCR8 DYNLL2",""
"208","","",255,"pCR8 AKT1 with Sal/Spe sites on ends",""
"209","","",256,"RCAN (X) DV TRE Kras IRES AKT",""
"210","","",257,"pDEST R4 R3 (from Dong)",""
"211","","",258,"pDEST R4 R3 TK (from Dong)",""
"212","","",259,"pDEST FG12 CMV cMET #3",""
"213","","",260,"pDEST FG12 CMV cMET #7",""
"214","","",261,"pDEST FG12 CMV cMET #11",""
"215","","",262,"pBluescript SK   RFA rc #7",""
"216","","",263,"pBluescript SK   RFA #1",""
"217","","",264,"pENTR3C 2LoxP miR 590 FRT NEO #3",""
"218","","",265,"pDONR P2R P3 3' homology #57 miR 590",""
"219","","",266,"pDONR P2R P3 3' homology #78 miR 590",""
"220","","",267,"pDONR P4 P1R 5' homology #6 miR 590",""
"221","","",269,"pTRE2 hygro DsRed2",""
"222","","",270,"pDEST FG12 CMV GFP Bcl W HA",""
"223","","",271,"RCAS y DV (A) Bcl W HA",""
"224","","",272,"pDEST FG12 CMV DsRed2 Bcl w HA",""
"225","","",275,"RCAS y DV (A) CCND1 HA",""
"226","","",276,"pDEST FG12 CMV GFP CCND1 HA",""
"227","","",277,"RCAS y DV (A) CCND1 K269R",""
"228","","",278,"pDEST FG12 CMV GFP CCND1 K269R",""
"229","","",279,"RCAN x DV TRE HA NRas",""
"230","","",280,"RCAS y DV (A) CDK2 HA",""
"231","","",281,"RCAS y DV (A) NEDD9 HA",""
"232","","",282,"RCAS y DV (A) ETV1 HA",""
"233","","",283,"pCR8 mouse Brca1 clone#2",""
"234","","",284,"pCR8 mouse Brca1 clone#6",""
"235","","",286,"pENTR 3C AKT IRES Cre",""
"236","","",287,"RCAS AKT IRES Cre clone#5",""
"237","","",288,"RCAS AKT IRES Cre clone#8",""
"238","","",289,"RCAS AKT IRES Cre",""
"239","","",290,"Fg12 cmv V5Bmf",""
"240","","",291,"FG12 cmv TFAP2beta",""
"241","","",295,"pDEST FG12 DsRed CMV",""
"242","","",296,"pDEST FG12 CMV DsRed 2 RFA",""
"243","","",297,"pDest FG12 CMV BMF V5",""
"244","","",298,"FG12 CMV-HGF",""
"245","","",300,"FG12  /",""
"246","","",301,"FG12 CMV V5 MEK GF",""
"247","","",302,"FG12 MMP9  (no GFP)",""
"248","","",303,"pDEST FG12 CMV TFAP2",""
"249","","",304,"pDest FG12 MMP9 (no GFP)",""
"250","","",305,"FG12 Stat3 no GFP",""
"251","","",306,"pDEST FG12 (cmv promoterless)",""
"252","","",307,"FG12 CMV HA Nras IRES Cre",""
"253","","",308,"FG12 CMV X!AP",""
"254","","",309,"pENTR3C Akt IRES CRE",""
"255","","",310,"pSICO p53",""
"256","","",312,"FG12 CMV VEGF C",""
"257","","",313,"pDEST FG12 CMV V5 XIAP",""
"258","","",314,"FG12 GFP BRAF VE",""
"259","","",315,"FG12 CMV HIF 2",""
"260","","",316,"FG12 CMV cKIT 818",""
"261","","",317,"FG12 STAT3C (no GFP)",""
"262","","",318,"FG12 CMV STAT 3c",""
"263","","",319,"FG12 GFP STAT 3C",""
"264","","",320,"FG12 Nras(Q61R) IRES CRE",""
"265","","",321,"FG12 CMV V5 BRAF V600E HiSA",""
"266","","",322,"FG12 CMV BRAF #26",""
"267","","",323,"FG12 CMV BRAF #28",""
"268","","",324,"RCAS Y DV Nras Q61R HA",""
"269","","",325,"pcr8/GW/topo mHGF express",""
"270","","",326,"RCAS Y DV Mek1 Δn3 s218e, s222d (MEK-GF)",""
"271","","",327,"RCASBP(A) BRAF V600E HisA",""
"272","","",328,"pDEST RCAS HA NRAS",""
"273","","",329,"pENTR3C cU6 shGFP #1",""
"274","","",330,"Bfl 1 pYAP6",""
"275","","",331,"RCAS CRAF 22W",""
"276","","",332,"RCASBP Y DV A mKIT D818H",""
"277","","",333,"RCAS MEK GF V5 (non-functional)",""
"278","","",334,"pcDNA3.1 BRAF WT",""
"279","","",335,"pcDNA3.1 BRAF V599E",""
"280","","",337,"pCR8/GW/topo c KIT",""
"281","","",338,"pENTR 3C H1 BAD 445",""
"282","","",339,"pENTR 3C H1 Bad 433",""
"283","","",343,"pENTR 3C mU6",""
"284","","",348,"RCASBP Y DV A AKT1mutant HA",""
"285","","",349,"RCASBP Y DV A MEK GF (No tag functional)",""
"286","","",350,"RCAN Y DV A TRE-KRAS",""
"287","","",351,"RCANBP A Y DV",""
"288","","",352,"RCANBP M DV",""
"289","","",353,"RCANBP (A) TRE GFP c2",""
"290","","",355,"pENTR3C TFAP2",""
"291","","",356,"pENTR3C NRAS (HA) IRES CRE",""
"292","","",357,"pSport6 mouse c Kit",""
"293","","",358,"pENTR 3C multimir (both have 1 on lid)",""
"294","","",359,"pENTR 3C multimir JD control (3 on lid)",""
"295","","",360,"pENTR 3C multimir JD cntrl JDwn2 J03 (2 on lid)",""
"296","","",361,"pENTR 3C multimir JD cntrl JDwn2 (4 on lid)",""
"297","","",362,"pENTR 3C H1 ENV B 112 (mini#1)",""
"298","","",363,"pENTR 3C H1 ENV B 408(mini#6)",""
"299","","",364,"pENTR 3C H1 ENV B 854 (mini#9)",""
"300","","",365,"pENTR 3C H1 1012 (mini#15)",""
"301","","",366,"pENTR 3C mU6 Env B 112 (mini#17)",""
"302","","",367,"pENTR 3C mU6 408 (mini#21)",""
"303","","",368,"pENTR 3C mU6 Env B 854 (mini#27)",""
"304","","",369,"pENTR 3C mU6 Env B 1012 (mini#29)",""
"305","","",370,"pENTR 3C multimir JD1, 2, 3",""
"306","","",372,"pENTR 3C T34A survivin",""
"307","","",373,"pENTR 3C C84A survivin",""
"308","","",374,"pENTR 3C H1 Bim 37",""
"309","","",376,"pENTR 3C H1 Bad24",""
"310","","",377,"pENTR 3C loxP MCS loxP frt neo frt",""
"311","","",378,"pENTR 3C (no HA) ATX",""
"312","","",379,"pBluescript ATX",""
"313","","",380,"Frt2/Neo loxP orientation 4",""
"314","","",381,"FRT2/NEO and loxP c.16 in pBS KS",""
"315","","",382,"RCAS Y DV 2 no tag",""
"316","","",383,"RCAS Y DV NHA 3",""
"317","","",384,"RCAS Y DV CHA 9",""
"318","","",389,"pBLUESCRIPT SK",""
"319","","",392,"pDEST FG12 DsRed CMV KIAA:BRAF",""
"320","","",393,"pDEST FG12 DsRed CMV KIAA:BRAF",""
"321","","",394,"pDEST FG12 DsRed CMV KIAA:BRAF",""
"322","","",395,"RCAS-Y p53 R273L",""
"323","","",396,"pDEST FG12 GFP CMV - Bim S69A",""
"324","","",397,"pDEST FG12 dsRED CMV - Bim S69A",""
"325","","",398,"pDEST FG12 GFP CMV - Bim S59A",""
"326","","",399,"pDEST FG12 dsRED CMV - Bim S59A",""
"327","","",400,"pDEST FG12 GFP CMV - Bmf S74A",""
"328","","",401,"pDEST FG12 dsRED CMV - Bmf S74A",""
"329","","",402,"pCR8-Bim S69A",""
"330","","",403,"pCR8-Bim S59A",""
"331","","",404,"pCR8-Bmf S74A",""
"332","","",405,"pCR8-Bim S69A S59A",""
"333","","",406,"pCR8-Bim K112A",""
"334","","",407,"pCR8-Bmf L73A",""
"335","","",408,"pCR8-Bmf K68A",""
"336","","",409,"pCR8-Bmf T72A",""
"337","","",410,"RCAS cKit L576P  wrong ori",""
"338","","",414,"pDest-Shuttle-(GW  B)",""
"339","","",415,"pDest-Shuttle-CMV-(GW B)",""
"340","","",418,"pTet Off (From MVB)",""
"341","","",419,"RCAS BP(A) STAT 3c",""
"342","","",421,"RCASBP(A) EGFRviii",""
"343","","",422,"RCANBP(A) TRE-(hu)KRAS-HA",""
"344","","",423,"RCAS c-RAF",""
"345","","",424,"pIREShygro-pcB6 WTA VCT",""
"346","","",425,"FG12 CMV dsRed V5 Bmf T72A",""
"347","","",426,"FG12 CMV dsRed V5 Bmf K68A",""
"348","","",427,"mHGF (open biosystems cDNA clone)8733977",""
"349","","",428,"pcB6 WTA delta513",""
"350","","",429,"FG12 CMV GFP V5 Bmf K68A",""
"351","","",430,"pcDNA3.1 mouse sox 10",""
"352","","",431,"pcDNA6 mouse sox 10 - V5",""
"353","","",432,"pcDNA6 chick sox 11",""
"354","","",433,"pDest-Shuttle (GW) CMV IRES GFP",""
"355","","",434,"pLNcx mouse Wnt7b HA",""
"356","","",435,"pcDNA3.1 Beta Catenin S37A mouse",""
"357","","",436,"pDest R4R3 TK Dong miR5901 #11",""
"358","","",437,"pDest R4R3 TK Dong miR5901 #16",""
"359","","",438,"pDest R4R3 TK Dong miR5901 #4",""
"360","","",439,"pTRE2 hygro DsRed2",""
"361","","",440,"pDEST FG12 CMV DsRed2 cKit",""
"362","","",441,"pDEST FG12 NRasQ61R HA",""
"363","","",442,"KH-1LV",""
"364","","",443,"pDEST FG12 CMV cMET Flag",""
"365","","",444,"pDEST FG12 cMet Flag",""
"366","","",445,"pDEST FG12 CMV mHGFx DsRed2",""
"367","","",446,"pDEST FG12 CMV GFP TFAP2B",""
"368","","",447,"RCAS NHA mouse Sox 10",""
"369","","",448,"FG12 CMV V5 Bmf L73A dsRed",""
"370","","",449,"FG12 CMV V5 Bmf L73A gfp",""
"371","","",450,"KH-1 LV Ral B07 #18",""
"372","","",451,"KH-1LV Ral B05 #17",""
"373","","",452,"KH-1 LV Ral B08 #20",""
"374","","",453,"KH-1 LV RalA05 #7",""
"375","","",454,"KH-1LV Ral A06 #8",""
"376","","",455,"pcr8/GW/TOPO Mek2",""
"377","","",456,"RCASBP(A)- p53 EF1a-ds-Red mp53 WT-flag",""
"378","","",457,"RCASBP(A)- p53-IRES puro mp53 WT-flag",""
"379","","",458,"RCASBP(A)- p53 EF1a-ds-Red mp53-mtR172H-flag",""
"380","","",459,"RCASBP(A)- p53-IRES puro mp53-mtR172H-flag",""
"381","","",460,"RCASBP(A)- p53 EF1a-ds-Red mp53-mtR273L-flag",""
"382","","",461,"RCASBP(A)- p53-IRES puro mp53-mtR273L-flag",""
"383","","",462,"RCASBP(A)- p53 EF1a-ds-Red mp53-mtP151L-flag",""
"384","","",463,"RCASBP(A)- p53-IRES puro mp53-mtP151L-flag",""
"385","","",464,"RCASBP(A)- p53 EF1a-ds-Red mp53-mtV203E-flag",""
"386","","",465,"RCASBP(A)- p53-IRES puro mp53-mtV203E-flag",""
"387","","",466,"RCASBP(A)- p53 EF1a-ds-Red mp53-mtY220C-flag",""
"388","","",467,"RCASBP(A)- p53-IRES puro mp53-mtY220C-flag",""
"389","","",468,"RCASBP(A)- p53 EF1a-ds-Red mp53-mtL212F-flag",""
"390","","",469,"RCASBP(A)- p53-IRES puro mp53-mtL212F-flag",""
"391","","",470,"RCASBP(A)- p53 EF1a-ds-Red mp53-mtV272A-flag",""
"392","","",471,"RCASBP(A)- p53-IRES puro mp53-mtV272A-flag",""
"393","","",472,"RCASBP(A)- p53 EF1a-ds-Red mp53-mtP250S-flag",""
"394","","",473,"RCASBP(A)- p53-IRES puro mp53-mtP250S-flag",""
"395","","",474,"RCASBP(A)- p53 EF1a-ds-Red mp53-mtL35F-flag",""
"396","","",475,"RCASBP(A)- p53-IRES puro mp53-mtL35F-flag",""
"397","","",476,"RCASBP(A)- p53 EF1a-ds-Red mp53-mtM237R-flag",""
"398","","",477,"RCASBP(A)- p53-IRES puro mp53-mtM237R-flag",""
"399","","",478,"RCASBP(A)- p53 EF1a-ds-Red mp53-mtK291N-flag",""
"400","","",479,"RCASBP(A)- p53-IRES puro mp53-mtK291N-flag",""
"401","","",480,"FG12 CMV GFP HA-KIAA1549:BRAF clone#A",""
"402","","",481,"FG12 CMV GFP HA-KIAA1549:BRAF clone#B",""
"403","","",482,"FG12 CMV GFP HA-BRAF KD clone#3",""
"404","","",483,"pDEST FG12-cmv from clone5 original 10/1/10",""
"405","","",484,"RCASBP(A) BRAF KD",""
"406","","",485,"pCR8 KIAA:BRAF Kex16  10/13/10",""
"407","","",486,"RCAN TRE-NRAS(Q61R)-IRES-Cre  11/13/13",""
"408","","",487,"FG12 GFP C-KIT WT",""
"409","","",488,"RCAS MEK 5/28/09",""
"410","","",489,"pCR8 CRE",""
"411","","",491,"RCAS FAM BRAF V600E",""
"412","","",492,"RCAS HA VD V5 V600E",""
"413","","",493,"RCAS BRAF KD HA V600E",""
"414","","",494,"RCAS BRAF V5 V600E",""
"415","","",495,"RCASBP (A) WT IDH2-HA (human)",""
"416","","",496,"PCR8 IDH1 WT HA?",""
"417","","",497,"PCR8 IDH1 mutant HA",""
"418","","",498,"pDest FG12 AKT",""
"419","","",500,"RCAS IDH-1 wt HA tag",""
"420","","",501,"pDest 12-2 CRE",""
"421","","",502,"pShuttle IDH-1Mutant GFP",""
"422","","",503,"RCASBP (A) IDH1 R132H HA (human)",""
"423","","",504,"RCASBP (A) IDH2 Mutant-HA",""
"424","","",505,"pEFM- EGFP- V5",""
"425","","",506,"RCAN TRE BRAF V600E V5 HIS",""
"426","","",507,"RCAN TRE BRAF V600E MYC HIS TAG",""
"427","","",508,"pDEST12-2 KIAA STOP",""
"428","","",509,"FG12 KIAA STOP",""
"429","","",510,"RCASBP(A)-Fam 131B BRAF w/t",""
"430","","",511,"RCAS BPA IDH2 HA R172K",""
"431","","",512,"FG12 dsRED dsRED CKIT HA",""
"432","","",513,"PENTR 3C-TRE-KRAS MINI",""
"433","","",515,"RCAS BPA KRAS-HA (HUMAN)",""
"434","","",516,"RCAN BPA TRE KRAS HA (HUMAN)",""
"435","","",517,"FG12 DSRED MHGFX",""
"436","","",518,"FG12 CKIT (GFP)",""
"437","","",519,"RCAS y DV(A) NRAS(Q61R) (HA) IRES CRE",""
"438","","",520,"PDEST FG12 CMV",""
"439","","",521,"FG12 NO GFP+CMV",""
"440","","",522,"PDEST FG12 NO PROMOTER/ NO GFP",""
"441","","",523,"PDEST FG12- NO PROMOTER -DSRED",""
"442","","",524,"pDEST FG12AKT1",""
"443","","",525,"RCAN Y DV (A) TRE KRAS",""
"444","","",526,"RCAS BP Y DV (A) AKT1 M-HA",""
"445","","",527,"RCAS BP Y DV (A)",""
"446","","",528,"RCAS TYROSINASE",""
"447","","",529,"Pdest FG12 Mbrca 1",""
"448","","",530,"RCAS Y BP DV (A) LXCL12",""
"449","","",531,"RCAS BP Y DV (A) CCL7",""
"450","","",532,"Pdest fg12 ccl7",""
"451","","",533,"pDest FG12 CXCL12",""
"452","","",534,"hBRCA1 clone 2",""
"453","","",535,"hBRCA1 HA clone 4",""
"454","","",536,"FG12 dsRED V5MMP1a",""
"455","","",537,"FG12 dsRED V5MMP10",""
"456","","",538,"FG12 dsRED V5MMP15",""
"457","","",539,"RCAS y DV(A) V5MMP1a",""
"458","","",540,"RCAS y DV(A) V5MMP15",""
"459","","",541,"RCAS y DV(A) myc-hIRE1α WT",""
"460","","",542,"RCAS y DV(A) myc-hIRE1α P830L",""
"461","","",543,"RCAS y DV(A) myc-hIRE1α Q780*",""
"462","","",544,"RCAS y DV(A) myc-hIRE1α S769F",""
"463","","",545,"PDEST CMV FG12 FAM BRAF 1316 312 VE",""
"464","","",546,"PDEST CMV FG12 FAM BRAF 1316 WT",""
"465","","",547,"RCAS Y DVA NRAS Q61R HA",""
"466","","",548,"HIF1 PCDUS 3.1",""
"467","","",549,"RCAS BP (A) WT IDH2 - DOES NOT EXPRESS",""
"468","","",550,"RCAS BP A IDH1 WT  HA (human)",""
"469","","",551,"pCR8/GW/TOPO hIREα wt",""
"470","","",552,"pCR8/GW/TOPO hIREα S769F",""
"471","","",553,"pCR8/GW/TOPO hIREα Q780",""
"472","","",554,"pCR8/GW/TOPO hIREα P830L",""
"473","","",555,"RCASBP(A) hIREα Q780",""
"474","","",556,"RCASBP(A) hIREα P830L",""
"475","","",557,"FG12 cmv ds red bmfHA",""
"476","","",558,"pCR8/GW/TOPO hIREα R635W",""
"477","","",559,"RCASBP(A) v5MMP10",""
"478","","",560,"pCR blunt II topo MMP1a  cdna",""
"479","","",561,"pCR blunt II topo MMP10 cdna",""
"480","","",562,"PCMV sport 6 MMP15",""
"481","","",563,"PCR8 BRCA1 T1691A",""
"482","","",564,"FG12 BRCA1 T1691A no gfp",""
"483","","",565,"RCASBP(A) mBRAF v5 his",""
"484","","",566,"FG12  mBRAF his no GFP",""
"485","","",567,"FG12 hIRE1a WT NO GFP",""
"486","","",568,"FG12 NO GFP hIRE1a Q780",""
"487","","",569,"FG12 NO GFP hIRE1a P830L",""
"488","","",570,"FG12 NO GFP hIRE1a  S769F",""
"489","","",571,"RCANBP(A) H1-IDH1 ShRNA 1",""
"490","","",572,"RCANBP(A) H1-IDH1 ShRNA 2",""
"491","","",573,"RCANBP(A) H1-IDH1 ShRNA 3",""
"492","","",574,"RCANBP(A) H1-IDH1 ShRNA 4",""
"493","","",575,"RCANBP(A) H1-HGDH-L2 ShRNA 1",""
"494","","",576,"RCANBP(A) H1-HGDH-L2 ShRNA 2",""
"495","","",577,"RCANBP(A) H1-HGDH-L2 ShRNA 3",""
"496","","",578,"RCANBP(A) H1-HGDH-D2 ShRNA 1",""
"497","","",579,"RCANBP(A) H1-HGDH-D2 ShRNA 2",""
"498","","",580,"RCANBP(A) H1-HGDH-D2 ShRNA 3",""
"499","","",581,"RCANBP(A) shRNA IDH1 type1 JR",""
"500","","",582,"RCANBP(A) shRNA IDH1 type2 JR",""
"501","","",583,"RCANBP(A) shRNA IDH1 type3 JR",""
"502","","",584,"PENTR H1 shRNA IDH1 type1 JR",""
"503","","",585,"PENTR H1 shRNA IDH1 type2 JR",""
"504","","",586,"FG12 mBRAF GFP",""
"505","","",587,"FG12 mBRCA GFP",""
"506","","",588,"RCASBP(A) hIRE1α S769F",""
"507","","",589,"RCASBP(A) hIRE1α wt",""
"508","","",590,"RCASBP(A) hIRE1α R635W",""
"509","","",591,"RCASBP (A) TET OFF IRES CRE",""
"510","","",592,"RCASBP (A) P16 (mutant x3) expresses well",""
"511","","",593,"RCAN TRE-BRAF v600e-V5 only new",""
"512","","",594,"RCASBP(A) myr-AKT-HA del11-60  jr",""
"513","","",595,"Ori pENTR TRE-BRAF- V600E MYC HIS",""
"514","","",596,"FG12 cmv IDH1-HA R132H gfp",""
"515","","",597,"FG12 cmv IDH1-HA wt rfp",""
"516","","",598,"FG12 cmv IDH1 wt NO TAG",""
"517","","",599,"pcr8 IDH1 R132H no tag\",""
"518","","",600,"RCASBP(A) IDH1 R132H HA (Human)",""
"519","","",604,"RCANBP(A) CMV/TO DV",""
"520","","",605,"pENTR3C-P16-WT-IRES_CRE",""
"521","","",606,"pENTR3C-Flag-P16-WT-IRES_CRE",""
"522","","",608,"RCANBP(A)H1-shGAPDH",""
"523","","",609,"RCANBP(A)TRE-HA-BRAF KD V600E",""
"524","","",610,"RCANBP(A)TRE-HA-BRAF KD WT",""
"525","","",611,"pENTR 3C-NRAS(HA)Q61R IRES GFP",""
"526","","",612,"",""
"527","","",614,"pENTR3C-FLAG-p16wt-IRES-GFP",""
"528","","",615,"pTRIPZ-FLAG-p16wt-IRES-GFP",""
"529","","",616,"pCR8-Cre-RFA (forward orientation)",""
"530","","",617,"pCR8-Cre-RFB (forward orientation)",""
"531","","",618,"pCR8-Cre-RFC.1 (forward orientation)",""
"532","","",619,"pCR8-Cre-RFC.1 (reverse orientation)",""
"533","","",620,"RCAS-Cre-RFA (forward orientation)",""
"534","","",621,"RCAS-Cre-RFB (forward orientation)",""
"535","","",622,"RCAS-Cre-RFC.1 (forward orientation)",""
"536","","",623,"pENTR3C-H1-shCtrl",""
"537","","",624,"pENTR3C-H1-Arf6-496",""
"538","","",625,"RCASBP(A) HS.AKT1 _FLAG",""
"539","","",626,"RCASBP(A) HS.myr-AKT1 _FLAG",""
"540","","",627,"RCASBP(A) HS.AKT2 _FLAG",""
"541","","",628,"RCASBP(A) HS.myr-AKT2 _FLAG",""
"542","","",629,"RCASBP(A) HS.AKT3 _FLAG",""
"543","","",630,"RCASBP(A) HS.myr-AKT3 _FLAG",""
"544","","",631,"Pdest 12.2 CMV-loxp RFP-STOP-loxp GFP",""
"545","","",632,"RCAN-X-TzTRE-(DV) (ENV A)",""
"546","","",633,"RCAN-X pTRIPZ-TRE-eGFP",""
"547","","",634,"pENTR 201 Ms BRAF VE V5",""
"548","","",635,"RCAN-X TzMsBRAF VE V5",""
"549","","",636,"RCAN-Z TzTRE HsBRAF V600E Myc HIS6 V5",""
"550","","",637,"RCAS BP (M) RFC.1  Clone #2",""
"551","","",638,"pENTRY-H2BRFP_p2a_Mitf",""
"552","","",639,"RCANBP(A)xTRE2(DV)",""
"553","","",641,"RCANBP(A)xTRE2 Flag-P16 IRES CRE",""
"554","","",642,"RCANBP(A)xTRE2 Flag-P16 IRES GFP",""
"555","","",643,"",""
"556","","",644,"RCASBP (M) WT IDH1-HA (Human)",""
"557","","",645,"pCR8 WT IDH2-HA (Human)",""
"558","","",646,"RCASBP (A) IDH1 R132H-HA (Mouse)",""
"559","","",647,"RCASBP (A) WT IDH1-HA (Mouse)",""
"560","","",648,"RCAS BP (M) IDH1 R132H-HA (Human)",""
"561","","",649,"RCASBP (A) WT IDH2 (Human) No Tag",""
"562","","",650,"RCASBP (M) Cre",""
"563","","",651,"pDONR 201 IDH2 R172K-HA (Human)",""
"564","","",653,"pLENTI6 Blockit M2 (shRNA against Met)",""
"565","","",654,"pLENTI6 Blockit Luc (shRNA against Luciferase)",""
"566","","",655,"RCANBP(A)xTRE2 WT IDH1-HA (human)",""
"567","","",656,"RCANBP(A)xTRE2 IDH1 R132H-HA (human)",""
"568","","",657,"FG12 CMV WT IDH2-HA (human) RFP",""
"569","","",658,"FG12 CMV IDH2 R172K-HA (human) GFP",""
"570","","",659,"FG12-TRE-BRAF-V600E (no GFP)",""
"571","","",661,"pTRIPZ shRNA ATRX V3THS_375690",""
"572","","",662,"pTRIPZ shRNA ATRX V3THS_201895",""
"573","","",663,"pDEST 12.2 WT IDH1-ProTEV-VN173",""
"574","","",664,"pDEST 12.2 WT IDH1-ProTEV-VC155",""
"575","","",665,"pDEST12.2 VC155-ProTev-WT IDH1",""
"576","","",666,"pDEST12.2 VN173-ProTev-WT IDH1",""
"577","","",668,"pDEST12.2 VC155-ProTev-IDH1 R132H",""
"578","","",669,"pDEST 12.2 IDH1 R132H-ProTEV-VN173",""
"579","","",670,"pDEST12.2 VN173-ProTev-IDH1 R132H",""
"580","","",671,"pDEST 12.2 IDH1 R132H-ProTEV-VC155",""
"581","","",672,"RCASBP(A) EGFRWT-HA",""
"582","","",673,"RCASBP(A) IDH1 R132H- no tag",""
"583","","",674,"pDEST12.2 IDH2 R172K-ProTEV-VN173",""
"584","","",675,"pDEST12.2 IDH2 R172K-ProTEV-VC155",""
"585","","",676,"pDEST12.2 VN173-ProTev-IDH2 R172K",""
"586","","",677,"pDEST12.2 VC155-ProTev-IDH2 R172K",""
"587","","",678,"pDEST12.2 WT IDH2-ProTEV-VC155",""
"588","","",679,"pDEST12.2 VN173-ProTev-WT IDH2",""
"589","","",680,"pDEST12.2 VC155-ProTev-WT IDH2",""
"590","","",681,"pCR8-myr-AKT3-2A-NLS-Cre",""
"591","","",682,"pDEST12.2 WT IDH2-ProTEV-VN173",""
"592","","",683,"RCASBP(A)-myr-AKT3-2A-NLS-Cre",""
"593","","",684,"pDONR-PDGFA",""
"594","","",686,"RCASBP(A)-PDGFA",""
"595","","",687,"RCASBP(A)-PDGFB",""
"596","","",688,"RCASBP(A)-proHB-EGF-CS",""
"597","","",689,"RCASBP(A)-hu-IL17A-HA",""
"598","","",690,"RCAS y DV (A) AKT chimera 2KR3PL",""
"599","","",691,"RCAS y DV (A) AKT chimera 2PKR3L",""
"600","","",692,"RCAS y DV (A) AKT3 E17K w/o HA tag; Don't use",""
"601","","",693,"RCAS y DV (A) AKT chimera 3KR2PL",""
"602","","",694,"RCAS y DV (A) TetOff-P2A-NLS-myc-Cre",""
"603","","",695,"RCASyDV/C-HA E17KAKT3 w/ HA tag",""
"604","","",696,"pDEST12.2 WT IDH1-HA (human)",""
"605","","",697,"pDEST12.2 IDH1 R132H-HA (human)",""
"606","","",698,"pDEST12.2 IDH1 R132H-no tag (human)",""
"607","","",699,"pDEST12.2 WT IDH1-HA (mouse)",""
"608","","",700,"pDEST12.2 IDH1 R132H-HA (mouse)",""
"609","","",701,"pDEST12.2 WT IDH2-HA",""
"610","","",702,"pDEST12.2 IDH2 R172K-HA",""
"611","","",703,"HsPTRIPZ ShRNA IDH1 (I-E-07)",""
"612","","",704,"HsPTRIPZ ShRNA IDH2 (I-E-06)",""
"613","","",705,"RCASBPyDV(A) HA-E17K_AKT3",""
"614","","",706,"RCASBP(A) VN173-WT IDH1",""
"615","","",707,"RCASBP(A) VC155-WT IDH1",""
"616","","",708,"RCASBP(A) VN173-IDH1 R132H",""
"617","","",709,"RCASBP(A) VC155-IDH1 R132H",""
"618","","",710,"pDEST12.2 VN173-WTIDH1-VC155",""
"619","","",711,"pcDNA3.1-ProHB-EGF-WT",""
"620","","",712,"pcDNA3.1-ProHB-EGF-NC",""
"621","","",713,"pT3.5-CMV-EGFRvIII (Ohlfest)",""
"622","","",714,"RCASBP(A)-proHB-EGF-NC",""
"623","","",715,"RCASBP(A)-proHB-EGF-WT",""
"624","","",716,"RCASBP(A)-EGFRvIII (Ohlfest)",""
"625","","",717,"RCASBP(A) HA-ERK1L92P/S170D/D338N",""
"626","","",718,"RCASBP(A) HA-ERK2L75P/S153D/D321N",""
"627","","",719,"RCASBP(A) p53R273L-Ires-Cre",""
"628","","",720,"RCASBP(A) p53R273L_3xFlag-Ires-Cre",""
"629","","",721,"p59 (from MVB) Rev retrovirus packaging",""
"630","","",722,"p60 (from MVB) VSVG-Env retrovirus packaging",""
"631","","",723,"p61 (from MVB) GagPol retrovirus packaging",""
"632","","",724,"pcB6 WTA VCT (from MVB)",""
"633","","",725,"FG12 CMV HS (Human) BRAF V600E GFP",""
"634","","",727,"pCR8 GW/Topo myr-HA-AKT3",""
"635","","",728,"pORFexpressShuttle_GranzymeM_NM_005317.3",""
"636","","",729,"pMK-attB-iLOV_CMV-3xFLAG-TetOff-p2A-NLS-Myc-Cre",""
"637","","",730,"pTRIPZ-attB-iLOV_CMV-3xFLAG-TetOff-p2A-NLS-Myc-Cre [PICTC]",""
"638","","",731,"pTRIPZ-attB-iLOV_CMV-3xFLAG-TetOff [PICT]",""
"639","","",732,"pDONOR-221_HA-hBRAFv600e (no myc/his)",""
"640","","",733,"pTRIPZ-DV-CMV-3xFLAG-TetOff-p2A-NLS-Myc-Cre [TzTOC DV] [formerly known as PDCTC]",""
"641","","",734,"pTRIPZ-DV-CMV-3xFLAG-TetOff [TzTO DV] [formerly known as PDCT]",""
"642","","",737,"pDONOR-221_iLOV",""
"643","","",738,"pTRIPZ-HA-hBRAFv600e-CMV-3xFLAG-TetOff-p2A-NLS-Myc-Cre [TzTOC-BRAF] [formerly known as PBCTC]",""
"644","","",739,"pTRIPZ-HA-hBRAFv600e-CMV-3xFLAG-TetOff [TzTO-BRAF] [formerly known as PBCT]",""
"645","","",740,"psPAX2 (from JR)",""
"646","","",741,"RCANBP(A) TZTRE-myr-HA-AKT3 (clone 6)",""
"647","","",742,"pCR8 GW/Topo GranzymeM Var2wt",""
"648","","",743,"pCR8 GW/Topo GranzymeM Var1stop",""
"649","","",744,"pCR8 GW/Topo GranzymeM Var2stop",""
"650","","",745,"FG12-cmv GranzymeM Var1wt",""
"651","","",746,"FG12-cmv GranzymeM Var2wt",""
"652","","",747,"FG12-cmv GranzymeM Var1stop",""
"653","","",748,"FG12-cmv GranzymeM Var2stop",""
"654","","",749,"pDONOR-221_HA-BRAF-KDwt",""
"655","","",750,"pDONOR-221_HA-BRAF-KDve",""
"656","","",751,"pDONOR-221_TRE-HA-BRAF-KDwt",""
"657","","",752,"pDONOR-221_TRE-HA-BRAF-Kdve",""
"658","","",753,"pTRIPZ-HA-BRAF-KDwt-CMV-3xFLAG-TetOff-p2A-NLS-Myc-Cre [TzTOC-KDwt] [formerly known as PBKwCTC]",""
"659","","",754,"pTRIPZ-HA-BRAF-KDve-CMV-3xFLAG-TetOff-p2A-NLS-Myc-Cre [TzTOC-KDve] [formerly known as PBKvCTC]",""
"660","","",755,"pDONOR-221 MET-3xFlag",""
"661","","",756,"RCANBP(A) TZTRE-myr-HA-AKT3 (clone 4)",""
"662","","",757,"RCANBP(A) TZTRE-myr-HA-AKT3 (clone 5)",""
"663","","",758,"pENTR223.1 Met (Mouse) (Gateway donor/master vector)",""
"664","","",765,"RCASBP y DV(A)-HA-E17K_Akt1",""
"665","","",766,"FG12-cmv Met-HA (Mouse), GFP",""
"666","","",767,"RCASBP Met-HA (Mouse)",""
"667","","",768,"FG12 CMV CRE UBC mCherry (need to transform and prep)",""
"668","","",769,"pTRIPZ-CRE-CMV-3xFLAG-TetOff [TzTO-Cre] [formerly known as PCCT]",""
"669","","",770,"pcDNA3.1-mADAM17",""
"670","","",771,"pRK5F-hTACE (ADAM17)",""
"671","","",772,"pMD18T-hHBEGF",""
"672","","",773,"pMD18T-mHBEGF",""
"673","","",774,"pCMV6XL4-hEGF",""
"674","","",775,"plentiCRISPRv2-s11-EGFR",""
"675","","",776,"plentiCRISPRv2-s9-AXL",""
"676","","",777,"plentiCRISPRv2-s7-IDH1",""
"677","","",778,"plentiCRISPRv2-s24-IDH2",""
"678","","",779,"pcB6 WTA delta513 (from MVB)",""
"679","","",781,"pVSVG (same as p60)",""
"680","","",782,"pTRIPZ TRE-myr-HA-AKT3-CMV-3xFLAG-TetOff-p2A-NLS-Myc-Cre [pTRIPZ MATOC]",""
"681","","",784,"pDONOR221-pro-HBEGF-WT-mychis",""
"682","","",785,"pCR8-GW-TOPO-hHBEGF-FLAG",""
"683","","",786,"pCR8-GW-TOPO-hHBEGF (no tag)",""
"684","","",787,"pCR8-GW-TOPO-mHbegf-HA",""
"685","","",788,"pCR8-GW-TOPO-mHbegf (no tag)",""
"686","","",789,"pCR8-GW-TOPO-hEGF-HA",""
"687","","",790,"pCR8-GW-TOPO-hEGF (no tag)",""
"688","","",791,"pCR8-GW-TOPO-mAdam17-FLAG",""
"689","","",792,"pCR8-GW-TOPO-mAdam17 (no tag)",""
"690","","",793,"pCR8-GW-TOPO-hADAM17-HA",""
"691","","",794,"pCR8-GW-TOPO-hADAM17 (no tag)",""
"692","","",795,"pMXs-hu-N-MYC",""
"693","","",797,"pDEST12.2-loxP-dsRed2-STOP-loxP-eGFP",""
"694","","",798,"penv(A) wt",""
"695","","",799,"RCASBP(A) Hu NMYC",""
"696","","",800,"pMA-RQ AKT 3PKR2L (Chimera) myrFLAGattB",""
"697","","",803,"RCANBP(A)-TzTRE-proHB-EGF-CS",""
"698","","",804,"RCANBP(A)-TRE2-proHB-EGF-CS",""
"699","","",805,"pTRIPZ-HBEGFcs-CMV-3xFLAG-TetOff-p2A-NLS-Myc-Cre [TzTOC-pro-HB-EGF-CS]",""
"700","","",806,"RCASBP(A)-hHBEGF-FLAG",""
"701","","",807,"RCASBP(A)-mHbegf-HA",""
"702","","",808,"RCASBP(A)-hEGF-HA",""
"703","","",809,"RCASBP(A)-mAdam17-FLAG",""
"704","","",810,"RCASBP(A)-hADAM17-HA",""
"705","","",811,"pENTR myr-FLAG-AKT 3PKR2L (Chimera)",""
"706","","",812,"RCASBP(A) myr-FLAG-AKT 3PKR2L (Chimera)",""
"707","","",813,"RCASBP(A) AXL-HA",""
"708","","",814,"RCASBP(A) AXL",""
"709","","",816,"pCR8-GW-topo-hAXL-HA",""
"710","","",817,"FG12 CMV proHBEGFcs UBC GFP",""
"711","","",818,"pCR8-GW-topo-hEGFR-HA",""
"712","","",819,"pDEST FG12 CMV - UbC GFP (from MVB)",""
"713","","",820,"pDEST FG12 CMV - UbC mCherry (from MVB)",""
"714","","",821,"FG12cmv-hAXL-cMyc_UbC-GFP",""
"715","","",822,"FG12cmv-hEGFR-HA_UbC-mCherry",""
"716","","",823,"pCR8-GW-topo-pro-HBEGF-CS (no tag)",""
"717","","",824,"FG12cmv-pro-HBEGF-CS (no tag)_UbC-GFP",""
"718","","",825,"FG12cmv-hEGFR-HA_UbC-GFP",""
"719","","",826,"pDONOR-221_hADAM17",""
"720","","",827,"pDONOR-221_mAdam17",""
"721","","",828,"RCASBP(A)-hADAM17",""
"722","","",829,"RCASBP(A)-mADAM17",""
"723","","",830,"FG12cmv-FLAG-AKT1, GFP",""
"724","","",831,"FG12cmv-FLAG-AKT2, GFP",""
"725","","",832,"FG12cmv-FLAG-AKT3, GFP",""
"726","","",833,"FG12cmv-myr-FLAG-AKT1, GFP",""
"727","","",834,"FG12cmv-myr-FLAG-AKT2, GFP",""
"728","","",835,"FG12cmv-myr-FLAG-AKT3, GFP",""
"729","","",836,"pMA-RQ AKT 3PKR2L (Chimera) myrFLAGattB",""
"730","","",837,"pMK TRE3 BRAF.kd.V600E-P2A-Cre",""
"731","","",839,"pCR8 GW/Topo HA-Akt1 (E17K) (mouse)",""
"732","","",840,"pENTR TRE3 HA-Akt1 (E17K) (mouse)",""
"733","","",841,"RCAN TRE3 HA-Akt1 (E17K) (mouse)",""
"734","","",842,"pCR8 GW/Topo HA-Akt2 (mouse)",""
"735","","",843,"pCR8 GW/Topo HA-Akt1 (E40K) (mouse)",""
"736","","",844,"pCR8 GW/Topo HA-Akt1 (Q79K) (mouse)",""
"737","","",845,"pCR8 GW/Topo HA-Akt2 (E17K) (mouse)",""
"738","","",846,"pCR8 GW/Topo HA-Akt2 (E40K) (mouse)",""
"739","","",847,"pCR8 GW/Topo HA-Akt2 (Q79K) (mouse)",""
"740","","",848,"pCR8 GW/Topo HA-Akt3 (E17K) (mouse)",""
"741","","",849,"pCR8 GW/Topo HA-Akt3 (E40K) (mouse)",""
"742","","",850,"pCR8 GW/Topo HA-Akt3 (Q79K) (mouse)",""
"743","","",851,"RCAS HA-Akt1 (E40K) (mouse)",""
"744","","",852,"RCAS HA-Akt1 (Q79K) (mouse)",""
"745","","",853,"RCAS HA-Akt2 (E17K) (mouse)",""
"746","","",854,"RCAS HA-Akt2 (E40K) (mouse)",""
"747","","",855,"RCAS HA-Akt2 (Q79K) (mouse)",""
"748","","",856,"RCAS HA-Akt3 (E17K) (mouse)",""
"749","","",857,"RCAS HA-Akt3 (E40K) (mouse)",""
"750","","",858,"RCAS HA-Akt3 (Q79K) (mouse)",""
"751","","",861,"pENTR TRE3 hBRAFv600e-HA",""
"752","","",862,"RCAN-X TRE3 hBRAFv600e-HA",""
"753","","",863,"RCAS myr-AKT1 FLAG (Nterm)",""
"754","","",864,"RCAS myr-AKT2 FLAG (Nterm)",""
"755","","",865,"RCAS myr-AKT3 FLAG (Nterm)",""
"756","","",866,"RCAS myr-Akt1 HA (Cterm)",""
"757","","",867,"RCAS myr-Akt2 HA (Cterm)",""
"758","","",868,"RCAS myr-Akt3 (rat)",""
"759","","",869,"RCAS AKT3 HA (Cterm)",""
"760","","",870,"RCAS AKT3 DN HA (Cterm)",""
"761","","",871,"RCAS AKT3 T305A HA (Cterm)",""
"762","","",872,"pCMV5 HA Akt3 WT",""
"763","","",873,"pcDNA3 myr HA Akt2",""
"764","","",874,"RCAS myr AKT2 DN FLAG(Nterm)",""
"765","","",875,"pcDNA3 HA myr Akt2 DN c4 (human)",""
"766","","",876,"pcDNA3 HA myr Akt2 DN c3 (human)",""
"767","","",877,"pcDNA3.1 myr 2PL/1KR",""
"768","","",878,"pcDNA3.1 myr 3PL/1KR",""
"769","","",879,"pcDNA3.2 FLAG 2P/1LKR",""
"770","","",880,"pcDNA3.2 FLAG 2PL/1KR",""
"771","","",881,"pcDNA3.2 FLAG 3PL/1KR",""
"772","","",882,"RCAS myr 2P/1LKR FLAG (Nterm)",""
"773","","",883,"RCAS myr 2PL/1KR FLAG (Nterm)",""
"774","","",884,"RCAS myr 1PLK/2R FLAG (Nterm)",""
"775","","",885,"RCAS myr 3P/1LKR FLAG (Nterm)",""
"776","","",886,"RCAS myr 3PL/1KR FLAG (Nterm)",""
"777","","",887,"RCAS 2P/1LKR c3 FLAG (Nterm)",""
"778","","",888,"RCAS 2PL/1KR c1 FLAG (Nterm)",""
"779","","",889,"RCAS myr 3PL/1KR FLAG",""
"780","","",890,"RCAS HA-Akt2 (mouse)",""
"781","","",891,"RCAS myr-HA-Akt1 (mouse)",""
"782","","",893,"pCR8 GW/TOPO myr-HA-Akt1 (mouse)",""
"783","","",895,"pCR8 myr-HA-Akt2 (mouse)",""
"784","","",899,"pENTR1A 3xflag-JMJD2C (human)",""
"785","","",900,"pENTR1A 3xflag-LSD1 (human)",""
"786","","",901,"pENTR1A 3xflag-H3R9 (human)",""
"787","","",902,"RCAS 3xFLAG hJMJD2C",""
"788","","",903,"RCAS 3xFLAG hLSD1",""
"789","","",904,"RCAS 3xFLAG hH3R9",""
"790","","",905,"pCR8 HA-mYB1",""
"791","","",906,"pHIV GW-compatible Luciferase-IRES-ZsGreen (lentivirus) (EF1a-GW; CMV-Luc-ZsG)",""
"792","","",907,"pCR8 HA-mLSD1",""
"793","","",908,"pHIV HA-Akt1 E17K, Luciferase-IRES-ZsGreen (lentivirus) (EF1a-GW; CMV-Luc-ZsG)",""
"794","","",909,"RCAS HA mLSD1",""
"795","","",910,"pHIV GW-compatible Luciferase-IRES-ZsGreen (lentivirus) (EF1a-Luc-ZsG; CMV-GW)",""
"796","","",911,"pHIV HA-Akt1-E17K, Luciferase-IRES-ZsGreen (lentivirus) (CMV-Akt1-E17K; EF1a-Luc-ZsG)",""
"797","","",912,"pCR8 HA mYB1 S100A",""
"798","","",913,"pCR8 HA mYB1 S100D",""
"799","","",914,"RCAS HA mYB1 WT",""
"800","","",915,"FG12 HA mYB1 WT",""
"801","","",916,"RCAS HA mYB1 S100A",""
"802","","",917,"FG12 HA mYB1 S100A",""
"803","","",918,"RCAS HA mYB1 S100D",""
"804","","",919,"FG12 HA mYB1 S100D",""
"805","","",920,"pCR8 HA mAKT1 WT",""
"806","","",921,"pCR8 V5 p53 R273L",""
"807","","",922,"pHIV HA-Akt1, Luciferase-IRES-ZsGreen (lentivirus) (CMV-Akt1; EF1a-Luc-ZsG)",""
"808","","",923,"RCAS HA mAKT1 WT",""
"809","","",924,"FG12 HA AKT1 WT",""
"810","","",925,"pCR8 V5 p53 R273C",""
"811","","",926,"RCAS V5 p53 R273C",""
"812","","",927,"FG12 HA Akt1 E17K",""
"813","","",928,"pCR8 GW/TOPO HA-Akt3",""
"814","","",929,"pTRIPZ Tet-On HA-Akt1, rtTA3-IRES-Puro",""
"815","","",930,"pTRIPZ Tet-On HA-Akt1 E17K, rtTA3-IRES-Puro",""
"816","","",931,"pTRIPZ Tet-On HA-Akt1 E40K, rtTA3-IRES-Puro",""
"817","","",932,"pTRIPZ Tet-On HA-Akt1 Q79K, rtTA3-IRES-Puro",""
"818","","",933,"pTRIPZ Tet-On HA-Akt2, rtTA3-IRES-Puro",""
"819","","",934,"pTRIPZ Tet-On HA-Akt2 E17K, rtTA3-IRES-Puro",""
"820","","",935,"pTRIPZ Tet-On HA-Akt2 E40K, rtTA3-IRES-Puro",""
"821","","",936,"pTRIPZ Tet-On HA-Akt2 Q79K, rtTA3-IRES-Puro",""
"822","","",937,"pTRIPZ Tet-On HA-Akt3, rtTA3-IRES-Puro",""
"823","","",938,"pTRIPZ Tet-On HA-Akt3 E17K, rtTA3-IRES-Puro",""
"824","","",939,"pTRIPZ Tet-On HA-Akt3 E40K, rtTA3-IRES-Puro",""
"825","","",940,"pTRIPZ Tet-On HA-Akt3 Q79K, rtTA3-IRES-Puro",""
"826","","",942,"pENTR myr-FLAG AKT 1PL/2KR",""
"827","","",943,"RCAS myr-FLAG AKT 1PL/2KR",""
"828","","",945,"RCAS HA-Akt3",""
"829","","",946,"pENTR TRE3 myr-HA-Akt1 (mouse)",""
"830","","",947,"RCAN TRE3 myr-HA-Akt1 (mouse)",""
"831","","",948,"pTRIPZ TRE-HA-Akt1-CMV-3xFLAG-TetOff-p2A-NLS-Myc-Cre",""
"832","","",949,"pTRIPZ TRE-HA-Akt1-E17K-CMV-3xFLAG-TetOff-p2A-NLS-Myc-Cre",""
"833","","",950,"pTRIPZ TRE-HA-Akt1-E40K-CMV-3xFLAG-TetOff-p2A-NLS-Myc-Cre",""
"834","","",951,"pTRIPZ TRE-HA-Akt1-Q79K-3xFLAG-TetOff-p2A-NLS-Myc-Cre",""
"835","","",952,"pTRIPZ TRE-HA-Akt2-CMV-3xFLAG-TetOff-p2A-NLS-Myc-Cre",""
"836","","",953,"pTRIPZ TRE-HA-Akt2-E17K-CMV-3xFLAG-TetOff-p2A-NLS-Myc-Cre",""
"837","","",954,"pTRIPZ TRE-HA-Akt2-E40K-CMV-3xFLAG-TetOff-p2A-NLS-Myc-Cre",""
"838","","",955,"pTRIPZ TRE-HA-Akt2-Q79K-CMV-3xFLAG-TetOff-p2A-NLS-Myc-Cre",""
"839","","",956,"pTRIPZ TRE-HA-Akt3-CMV-3xFLAG-TetOff-p2A-NLS-Myc-Cre",""
"840","","",957,"pTRIPZ TRE-HA-Akt3-E17K-CMV-3xFLAG-TetOff-p2A-NLS-Myc-Cre",""
"841","","",958,"pTRIPZ TRE-HA-Akt3-E40K-CMV-3xFLAG-TetOff-p2A-NLS-Myc-Cre",""
"842","","",959,"pTRIPZ TRE-HA-Akt3-Q79K-CMV-3xFLAG-TetOff-p2A-NLS-Myc-Cre",""
"843","","",963,"pCR8 GW TOPO Golm1-FLAG",""
"844","","",964,"pCR8 GW TOPO Golm1-FLAG G351E",""
"845","","",966,"RCAS Golm1-FLAG G351E",""
"846","","",967,"pCR8 GW TOPO GOLM1-FLAG",""
"847","","",968,"pCR8 GW TOPO GOLM1-S307E-FLAG",""
"848","","",969,"pCR8 GW TOPO GOLM1-G370E-FLAG",""
"849","","",970,"RCAS GOLM1-FLAG",""
"850","","",973,"pCMV6 GFP Ppargc1a (Myc & FLAG tagged)",""
"851","","",974,"pCR8 Ppargc1a (Myc & FLAG tagged)",""
"852","","",975,"RCAS Ppargc1a (Myc & FLAG tagged)",""
"853","","",976,"pHIV myr-HA-Akt1, Luciferase-IRES-ZsGreen (lentivirus) (CMV-myrAkt1; EF1a-Luc-ZsG)",""
"854","","",977,"ACZEGP TRE3 myr-FLAG-AKT1",""
"855","","",978,"RCAN TRE3 myr-FLAG-AKT1",""
"856","","",979,"ACZEGP TRE3 IDH1 (R132H)-HA",""
"857","","",981,"pDEST12.2 GUS",""
"858","","",982,"pDEST12.2 Golm1-FLAG",""
"859","","",983,"pDEST12.2 Golm1 G351E-FLAG",""
"860","","",984,"pDEST12.2 GOLM1-FLAG",""
"861","","",985,"pDEST12.2 GOLM1 S307L-FLAG",""
"862","","",986,"pDEST12.2 GOLM1 G370E-FLAG",""
"863","","",987,"pENTR 3C IDH1-R132H-HA IRES Cre",""
"864","","",988,"CRIPSR LV Mouse IDH1 (IDH1S4S8)",""
"865","","",989,"RCAS IDH1-R132H-HA IRES Cre",""
"866","","",991,"pDEST12.2 Ppargc1a",""
"867","","",992,"pLKO puro shFak B",""
"868","","",993,"pLKO puro shFak C",""
"869","","",994,"pCMV-VSVG",""
"870","","",995,"pCMV-dR8.2 dvpr",""
"871","","",996,"pENTR 3C TRE3 IDH1-R132H-HA IRES Cre",""
"872","","",997,"RCAN TRE3 IDH1-R132H-HA IRES Cre",""
"873","","",1000,"RCAN TRE3 Braf V600E-V5-His",""
"874","","",1001,"pCR8 shRES(B) Fak",""
"875","","",1002,"pCR8 shRES(C) Fak",""
"876","","",1003,"pDEST12.2 shRES(B) Fak",""
"877","","",1004,"pDEST12.2 shRES(C) Fak",""
"878","","",1005,"pDEST12.2 Fak",""
"879","","",1006,"pMD2.G",""
"880","","",1007,"psPAK",""
"881","","",1008,"Ptk2-E1-S2-LV2-puro-A",""
"882","","",1010,"pCR8 GW TOPO Ndel375 HA-FAK",""
"883","","",1012,"RCAS Ndel375 HA-FAK (used #15 DV)",""
"884","","",1013,"RCAS FAK-HA (VanBrocklin Kinase Library)",""
"885","","",1017,"pCR8 GW Dnm1l (Mutant)",""
"886","","",1019,"RCAS Dnm1l (Mutant)",""
"887","","",1022,"pENTR-2B U6 sgRNA FUBP1 exon 1",""
"888","","",1023,"pENTR-2B U6 sgRNA FUBP1 exon 2",""
"889","","",1024,"pENTR-2B U6 sgRNA FUBP1 exon 15",""
"890","","",1025,"pENTR-2B U6 sgRNA FUBP1 exon 16",""
"891","","",1026,"RCAS-PIK3CA p.H1047R",""
"892","","",1027,"RCAN pENTR-2B U6 sgRNA FUBP1 exon 1",""
"893","","",1028,"RCAN pENTR-2B U6 sgRNA FUBP1 exon 2",""
"894","","",1029,"RCAN pENTR-2B U6 sgRNA FUBP1 exon 15",""
"895","","",1030,"RCAN pENTR-2B U6 sgRNA FUBP1 exon 16",""
"896","","",1031,"RCAS Cre NF1 ex2 sgRNA",""
"897","","",1032,"ACZEGP TRE3 HA-FAK (Y397E)",""
"898","","",1033,"RCAN TRE3 HA-FAK (Y397E)",""
"899","","",1034,"ACZEGP TRE3 Ndel375 HA-FAK",""
"900","","",1035,"RCAN TRE3 Ndel375 HA-FAK",""
"901","","",1036,"RCAS Ndel375 HA-FAK (used #42 DV)",""
"902","","",1037,"pCR8 HA-PIK3CA-H1047R",""
"903","","",1038,"RCAS HA-PIK3CA-H1047R",""
"904","","",1039,"pENTR-2B 3XFLAG-PIK3CA-H1047R",""
"905","","",1040,"RCAS 3XFLAG-PIK3CA-H1047R",""
"906","","",1041,"pHIV GW-compatible Luciferase-IRES-eGFP (lentivirus) (EF1a-Luc-eGFP; CMV-GW)",""
"907","","",1042,"Fubp1smURFP Neo ex2 HDR FRT in pUC57",""
"908","","",1043,"Fubp1smURFP Neo ex15 HDR FRT in pUC57",""
"909","","",1044,"FG12 HA-Ndel(375)-FAK, GFP",""
"910","","",1046,"pDEST FG12 CMV_GW",""
"911","","",1047,"pDEST FG12 CMV_GW, SV40_Luciferase-IRES-eGFP",""
"912","","",1056,"FG12 CMV_myr-HA-SGK1, SV40_Luciferase-IRES-eGFP",""
"913","","",1057,"FG12 CMV_myr-HA-SGK2, SV40_Luciferase-IRES-eGFP",""
"914","","",1058,"FG12 CMV_myr-HA-SGK3, SV40_Luciferase-IRES-eGFP",""
"915","","",1060,"FG12 CMV_HA-Ndel(375)-FAK, SV40_Luciferase-IRES-eGFP",""
"916","","",1061,"pCR8 myr-deltaPH-Akt1",""
"917","","",1062,"RCAS myr-deltaPH-Akt1",""
"918","","",1063,"pCR8 myr-deltaPH-Akt1-K179M",""
"919","","",1064,"RCAS myr-deltaPH-Akt1-K179M",""
"920","","",1081,"pCR8 GW TOPO HA-FAK(K454R)",""
"921","","",1082,"FG12 CMV_HA-FAK(WT), SV40_Luciferase-IRES-eGFP",""
"922","","",1084,"FG12 CMV_HA-FAK(K454R), SV40_Luciferase-IRES-eGFP",""
"923","","",1085,"pCR8 GW 3xFLAG-Pten (Y138L)",""
"924","","",1086,"FG12 CMV_NCAM1(no tag), SV40_Luciferase-IRES-eGFP",""
"925","","",1087,"",""
"926","","",1088,"pDONR223_SGK1 (WT)",""
"927","","",1089,"pDONR223_SGK3 (WT)",""
"928","","",1090,"FG12 CMV_SGK1, SV40_Luciferase-IRES-eGFP (WT)",""
"929","","",1091,"FG12 CMV_SGK3, SV40_Luciferase-IRES-eGFP (WT)",""
"930","","",1096,"",""
"931","","",1097,"",""
"932","","",1098,"",""
"933","","",1099,"",""
"934","","",1101,"pENTR 2B Cre U6 Sapl",""
"935","","",1102,"pENTRDsRedEx2",""
"936","","",1103,"RCAS-DsRedEx2",""
"937","","",1104,"pENTR221_NCAM1 (No Stop Codon)",""
"938","","",1105,"pENTR221_NRCAM (No Stop Codon)",""
"939","","",1106,"pENTR221_NELL1 (No Stop Codon)",""
"940","","",1107,"pENTR221_TIMP1 (No Stop Codon)",""
"941","","",1108,"RCAS Y DV CHA-NCAM1 (from Plasmid #50)",""
"942","","",1109,"RCASBP(A)-Cre",""
"943","","",1110,"RCAS-GFP",""
"944","","",1111,"RCAS-BRAF(KD)-P2A-Cre",""
"945","","",1112,"pMK-HA-BRAF(KD)-VE-p2A-Cre",""
"946","=HYPERLINK(""X:\holmen lab\plasmids\0005-RCASBP(A) EGFRviii.dna"",""0005-RCASBP(A) EGFRviii.dna"")","yes",5,"RCASBP(A) EGFRviii","0005-RCASBP(A) EGFRviii.dna"
"947","=HYPERLINK(""X:\holmen lab\plasmids\0014-RCAS X.gb"",""0014-RCAS X.gb"")","yes",14,"RCAS X","0014-RCAS X.gb"
"948","=HYPERLINK(""X:\holmen lab\plasmids\0031-hRSK1 myrY702A pDest RCAS.gb"",""0031-hRSK1 myrY702A pDest RCAS.gb"")","yes",31,"hRSK1 myr/Y702A pDest RCAS","0031-hRSK1 myrY702A pDest RCAS.gb"
"949","=HYPERLINK(""X:\holmen lab\plasmids\0042-RCAS Y DV.dna"",""0042-RCAS Y DV.dna"")","yes",42,"RCAS Y DV","0042-RCAS Y DV.dna"
"950","=HYPERLINK(""X:\holmen lab\plasmids\0043-pYAP6.gb"",""0043-pYAP6.gb"")","yes",43,"pYAP6","0043-pYAP6.gb"
"951","=HYPERLINK(""X:\holmen lab\plasmids\0049-RCAS Y DV NHA.dna"",""0049-RCAS Y DV NHA.dna"")","yes",49,"RCAS Y DV NHA","0049-RCAS Y DV NHA.dna"
"952","=HYPERLINK(""X:\holmen lab\plasmids\0050-RCAS Y DV CHA.dna"",""0050-RCAS Y DV CHA.dna"")","yes",50,"RCAS Y DV CHA","0050-RCAS Y DV CHA.dna"
"953","=HYPERLINK(""X:\holmen lab\plasmids\0052-RCAS Cre GFP.dna"",""0052-RCAS Cre GFP.dna"")","yes",52,"RCAS Cre GFP","0052-RCAS Cre GFP.dna"
"954","=HYPERLINK(""X:\holmen lab\plasmids\0058-pENTR3C RSK CAI.dna"",""0058-pENTR3C RSK CAI.dna"")","yes",58,"pENTR3C RSK CAI","0058-pENTR3C RSK CAI.dna"
"955","=HYPERLINK(""X:\holmen lab\plasmids\0059-pENTR3C RSK CAII.dna"",""0059-pENTR3C RSK CAII.dna"")","yes",59,"pENTR3C RSK CAII","0059-pENTR3C RSK CAII.dna"
"956","=HYPERLINK(""X:\holmen lab\plasmids\0063-pENTR3C Bcl XL.dna"",""0063-pENTR3C Bcl XL.dna"")","yes",63,"pENTR3C Bcl XL","0063-pENTR3C Bcl XL.dna"
"957","=HYPERLINK(""X:\holmen lab\plasmids\0067-RCASBP(A) survivin.dna"",""0067-RCASBP(A) survivin.dna"")","yes",67,"RCASBP(A) survivin","0067-RCASBP(A) survivin.dna"
"958","=HYPERLINK(""X:\holmen lab\plasmids\0068-pENTR3C survivin.dna"",""0068-pENTR3C survivin.dna"")","yes",68,"pENTR3C survivin","0068-pENTR3C survivin.dna"
"959","=HYPERLINK(""X:\holmen lab\plasmids\0072-RCASBP(M) Nras Q61R.dna"",""0072-RCASBP(M) Nras Q61R.dna"")","yes",72,"RCASBP(M) Nras Q61R","0072-RCASBP(M) Nras Q61R.dna"
"960","=HYPERLINK(""X:\holmen lab\plasmids\0074-RCASBP(M) Braf V599E.dna"",""0074-RCASBP(M) Braf V599E.dna"")","yes",74,"RCASBP(M) Braf V599E","0074-RCASBP(M) Braf V599E.dna"
"961","=HYPERLINK(""X:\holmen lab\plasmids\0075-RCASBP(M) RSK CAI.dna"",""0075-RCASBP(M) RSK CAI.dna"")","yes",75,"RCASBP(M) RSK CAI","0075-RCASBP(M) RSK CAI.dna"
"962","=HYPERLINK(""X:\holmen lab\plasmids\0076-RCASBP(M) RSK CAII.dna"",""0076-RCASBP(M) RSK CAII.dna"")","yes",76,"RCASBP(M) RSK CAII","0076-RCASBP(M) RSK CAII.dna"
"963","=HYPERLINK(""X:\holmen lab\plasmids\0077-RCASBP(M) Bcl XL.dna"",""0077-RCASBP(M) Bcl XL.dna"")","yes",77,"RCASBP(M) Bcl XL","0077-RCASBP(M) Bcl XL.dna"
"964","=HYPERLINK(""X:\holmen lab\plasmids\0079-RCASBP(M) Bfl 1.dna"",""0079-RCASBP(M) Bfl 1.dna"")","yes",79,"RCASBP(M) Bfl 1","0079-RCASBP(M) Bfl 1.dna"
"965","=HYPERLINK(""X:\holmen lab\plasmids\0080-RCASBP(M) GFP.dna"",""0080-RCASBP(M) GFP.dna"")","yes",80,"RCASBP(M) GFP","0080-RCASBP(M) GFP.dna"
"966","=HYPERLINK(""X:\holmen lab\plasmids\0083-RCASBP(M) RFC.1.dna"",""0083-RCASBP(M) RFC.1.dna"")","yes",83,"RCASBP(M) RFC.1","0083-RCASBP(M) RFC.1.dna"
"967","=HYPERLINK(""X:\holmen lab\plasmids\0084-RCASBP(M) hBID.dna"",""0084-RCASBP(M) hBID.dna"")","yes",84,"RCASBP(M) hBID","0084-RCASBP(M) hBID.dna"
"968","=HYPERLINK(""X:\holmen lab\plasmids\0085-RCASBP(M) hBad wt.dna"",""0085-RCASBP(M) hBad wt.dna"")","yes",85,"RCASBP(M) hBad wt","0085-RCASBP(M) hBad wt.dna"
"969","=HYPERLINK(""X:\holmen lab\plasmids\0086-RCASBP(M) hBad 3SA.dna"",""0086-RCASBP(M) hBad 3SA.dna"")","yes",86,"RCASBP(M) hBad 3SA","0086-RCASBP(M) hBad 3SA.dna"
"970","=HYPERLINK(""X:\holmen lab\plasmids\0087-RCASBP(M) Bim EL.dna"",""0087-RCASBP(M) Bim EL.dna"")","yes",87,"RCASBP(M) Bim EL","0087-RCASBP(M) Bim EL.dna"
"971","=HYPERLINK(""X:\holmen lab\plasmids\0088-RCASBP(M) Bim L.dna"",""0088-RCASBP(M) Bim L.dna"")","yes",88,"RCASBP(M) Bim L","0088-RCASBP(M) Bim L.dna"
"972","=HYPERLINK(""X:\holmen lab\plasmids\0089-RCASBP(M) Bim S.dna"",""0089-RCASBP(M) Bim S.dna"")","yes",89,"RCASBP(M) Bim S","0089-RCASBP(M) Bim S.dna"
"973","=HYPERLINK(""X:\holmen lab\plasmids\0094-pENTR3C Bim L.dna"",""0094-pENTR3C Bim L.dna"")","yes",94,"pENTR3C Bim L","0094-pENTR3C Bim L.dna"
"974","=HYPERLINK(""X:\holmen lab\plasmids\0103-RCANBP(M) Bim 37.dna"",""0103-RCANBP(M) Bim 37.dna"")","yes",103,"RCANBP(M) Bim 37","0103-RCANBP(M) Bim 37.dna"
"975","=HYPERLINK(""X:\holmen lab\plasmids\0112-RCASBP(A) Tet Off.gb"",""0112-RCASBP(A) Tet Off.gb"")","yes",112,"RCASBP(A) Tet Off","0112-RCASBP(A) Tet Off.gb"
"976","=HYPERLINK(""X:\holmen lab\plasmids\0119-pTRE2hyg.dna"",""0119-pTRE2hyg.dna"")","yes",119,"pTRE2hyg","0119-pTRE2hyg.dna"
"977","=HYPERLINK(""X:\holmen lab\plasmids\0124-RCANBP(A) TRE Akt HA.dna"",""0124-RCANBP(A) TRE Akt HA.dna"")","yes",124,"RCANBP(A) TRE Akt HA","0124-RCANBP(A) TRE Akt HA.dna"
"978","=HYPERLINK(""X:\holmen lab\plasmids\0126-RCASBP(M) NRas V12.dna"",""0126-RCASBP(M) NRas V12.dna"")","yes",126,"RCASBP(M) NRas V12","0126-RCASBP(M) NRas V12.dna"
"979","=HYPERLINK(""X:\holmen lab\plasmids\0130-RCASBP(A) HRas.dna"",""0130-RCASBP(A) HRas.dna"")","yes",130,"RCASBP(A) HRas","0130-RCASBP(A) HRas.dna"
"980","=HYPERLINK(""X:\holmen lab\plasmids\0131-RCANBP(A) cU6 2shGFP.dna"",""0131-RCANBP(A) cU6 2shGFP.dna"")","yes",131,"RCANBP(A) cU6 2shGFP","0131-RCANBP(A) cU6 2shGFP.dna"
"981","=HYPERLINK(""X:\holmen lab\plasmids\0133-pENTR3C cU6 2 chicken GAPDH.dna"",""0133-pENTR3C cU6 2 chicken GAPDH.dna"")","yes",133,"pENTR3C cU6 2 chicken GAPDH","0133-pENTR3C cU6 2 chicken GAPDH.dna"
"982","=HYPERLINK(""X:\holmen lab\plasmids\0146-RCASBP(M)FLAG Kras.dna"",""0146-RCASBP(M)FLAG Kras.dna"")","yes",146,"RCASBP(M)FLAG Kras","0146-RCASBP(M)FLAG Kras.dna"
"983","=HYPERLINK(""X:\holmen lab\plasmids\0152-pENTR3c iresPURO.dna"",""0152-pENTR3c iresPURO.dna"")","yes",152,"pENTR3c iresPURO","0152-pENTR3c iresPURO.dna"
"984","=HYPERLINK(""X:\holmen lab\plasmids\0153-pENTR3c rtTA iresPURO.dna"",""0153-pENTR3c rtTA iresPURO.dna"")","yes",153,"pENTR3c rtTA iresPURO","0153-pENTR3c rtTA iresPURO.dna"
"985","=HYPERLINK(""X:\holmen lab\plasmids\0157-RCASBP(A) H1shGFP.dna"",""0157-RCASBP(A) H1shGFP.dna"")","yes",157,"RCASBP(A) H1shGFP","0157-RCASBP(A) H1shGFP.dna"
"986","=HYPERLINK(""X:\holmen lab\plasmids\0158-RCASBP(A) shGFP.dna"",""0158-RCASBP(A) shGFP.dna"")","yes",158,"RCASBP(A) shGFP","0158-RCASBP(A) shGFP.dna"
"987","=HYPERLINK(""X:\holmen lab\plasmids\0163-pBluescript EGFRvIII  #1.dna"",""0163-pBluescript EGFRvIII  #1.dna"")","yes",163,"pBluescript EGFRvIII  #1","0163-pBluescript EGFRvIII  #1.dna"
"988","=HYPERLINK(""X:\holmen lab\plasmids\0170-pENTR3cmir no prom no leader.dna"",""0170-pENTR3cmir no prom no leader.dna"")","yes",170,"pENTR3cmir no prom no leader","0170-pENTR3cmir no prom no leader.dna"
"989","=HYPERLINK(""X:\holmen lab\plasmids\0184-DANBP.dna"",""0184-DANBP.dna"")","yes",184,"DANBP","0184-DANBP.dna"
"990","=HYPERLINK(""X:\holmen lab\plasmids\0186-DASBPLANC.dna"",""0186-DASBPLANC.dna"")","yes",186,"DASBPLANC","0186-DASBPLANC.dna"
"991","=HYPERLINK(""X:\holmen lab\plasmids\0190-pDsRed 2.1.gb"",""0190-pDsRed 2.1.gb"")","yes",190,"pDsRed 2.1","0190-pDsRed 2.1.gb"
"992","=HYPERLINK(""X:\holmen lab\plasmids\0241-pENTRD BRAF (MIKL).dna"",""0241-pENTRD BRAF (MIKL).dna"")","yes",241,"pENTR/D BRAF (MIKL)","0241-pENTRD BRAF (MIKL).dna"
"993","=HYPERLINK(""X:\holmen lab\plasmids\0268-pDEST R4R3 TK Dong.dna"",""0268-pDEST R4R3 TK Dong.dna"")","yes",268,"pDEST R4R3 TK Dong","0268-pDEST R4R3 TK Dong.dna"
"994","=HYPERLINK(""X:\holmen lab\plasmids\0273-pDEST FG12 CMV GFP Bcl B HA.gb"",""0273-pDEST FG12 CMV GFP Bcl B HA.gb"")","yes",273,"pDEST FG12 CMV GFP Bcl B HA","0273-pDEST FG12 CMV GFP Bcl B HA.gb"
"995","=HYPERLINK(""X:\holmen lab\plasmids\0274-pDEST FG12 CMV DsRed2 Bcl B HA.gb"",""0274-pDEST FG12 CMV DsRed2 Bcl B HA.gb"")","yes",274,"pDEST FG12 CMV DsRed2 Bcl B HA","0274-pDEST FG12 CMV DsRed2 Bcl B HA.gb"
"996","=HYPERLINK(""X:\holmen lab\plasmids\0285-RCAN x DV TRE Kras IRES AKT.gb"",""0285-RCAN x DV TRE Kras IRES AKT.gb"")","yes",285,"RCAN x DV TRE Kras IRES AKT","0285-RCAN x DV TRE Kras IRES AKT.gb"
"997","=HYPERLINK(""X:\holmen lab\plasmids\0292-p59.dna"",""0292-p59.dna"")","yes",292,"p59","0292-p59.dna"
"998","=HYPERLINK(""X:\holmen lab\plasmids\0293-p60.dna"",""0293-p60.dna"")","yes",293,"p60","0293-p60.dna"
"999","=HYPERLINK(""X:\holmen lab\plasmids\0294-p61.dna"",""0294-p61.dna"")","yes",294,"p61","0294-p61.dna"
"1000","=HYPERLINK(""X:\holmen lab\plasmids\0299-RCAN X DV.gb"",""0299-RCAN X DV.gb"")","yes",299,"RCAN X DV","0299-RCAN X DV.gb"
"1001","=HYPERLINK(""X:\holmen lab\plasmids\0311-FG12-CMV-CRE.dna"",""0311-FG12-CMV-CRE.dna"")","yes",311,"FG12-CMV-CRE","0311-FG12-CMV-CRE.dna"
"1002","=HYPERLINK(""X:\holmen lab\plasmids\0336-RCAN(A) TRE-EGFRvIII.dna"",""0336-RCAN(A) TRE-EGFRvIII.dna"")","yes",336,"RCAN(A) TRE-EGFRvIII","0336-RCAN(A) TRE-EGFRvIII.dna"
"1003","=HYPERLINK(""X:\holmen lab\plasmids\0340-pENTR 3C  TRE.dna"",""0340-pENTR 3C  TRE.dna"")","yes",340,"pENTR 3C  TRE","0340-pENTR 3C  TRE.dna"
"1004","=HYPERLINK(""X:\holmen lab\plasmids\0341-pENTR 3C.gb"",""0341-pENTR 3C.gb"")","yes",341,"pENTR 3C","0341-pENTR 3C.gb"
"1005","=HYPERLINK(""X:\holmen lab\plasmids\0342-pENTR 3C 2loxP DsRed FRT GFP.gb"",""0342-pENTR 3C 2loxP DsRed FRT GFP.gb"")","yes",342,"pENTR 3C 2loxP DsRed FRT GFP","0342-pENTR 3C 2loxP DsRed FRT GFP.gb"
"1006","=HYPERLINK(""X:\holmen lab\plasmids\0344-pENTR 3C HA NRAS.dna"",""0344-pENTR 3C HA NRAS.dna"")","yes",344,"pENTR 3C HA NRAS","0344-pENTR 3C HA NRAS.dna"
"1007","=HYPERLINK(""X:\holmen lab\plasmids\0345-pcDNA3.1 hygro TVA.dna"",""0345-pcDNA3.1 hygro TVA.dna"")","yes",345,"pcDNA3.1 hygro TVA","0345-pcDNA3.1 hygro TVA.dna"
"1008","=HYPERLINK(""X:\holmen lab\plasmids\0346-pENTR 3C TRE GFP.dna"",""0346-pENTR 3C TRE GFP.dna"")","yes",346,"pENTR 3C TRE GFP","0346-pENTR 3C TRE GFP.dna"
"1009","=HYPERLINK(""X:\holmen lab\plasmids\0347-pENTR 3C CMV GFP.gb"",""0347-pENTR 3C CMV GFP.gb"")","yes",347,"pENTR 3C CMV GFP","0347-pENTR 3C CMV GFP.gb"
"1010","=HYPERLINK(""X:\holmen lab\plasmids\0354-RCASBP (M) Tet Off.dna"",""0354-RCASBP (M) Tet Off.dna"")","yes",354,"RCASBP (M) Tet Off","0354-RCASBP (M) Tet Off.dna"
"1011","=HYPERLINK(""X:\holmen lab\plasmids\0371-pENTR 3C m U6 shGFP.dna"",""0371-pENTR 3C m U6 shGFP.dna"")","yes",371,"pENTR 3C m U6 shGFP","0371-pENTR 3C m U6 shGFP.dna"
"1012","=HYPERLINK(""X:\holmen lab\plasmids\0375-pENTR 3C H1.dna"",""0375-pENTR 3C H1.dna"")","yes",375,"pENTR 3C H1","0375-pENTR 3C H1.dna"
"1013","=HYPERLINK(""X:\holmen lab\plasmids\0385-pDONR p2r p3.dna"",""0385-pDONR p2r p3.dna"")","yes",385,"pDONR p2r p3","0385-pDONR p2r p3.dna"
"1014","=HYPERLINK(""X:\holmen lab\plasmids\0386-pDONR p4 p1r.dna"",""0386-pDONR p4 p1r.dna"")","yes",386,"pDONR p4 p1r","0386-pDONR p4 p1r.dna"
"1015","=HYPERLINK(""X:\holmen lab\plasmids\0387-pDONR 201.gb"",""0387-pDONR 201.gb"")","yes",387,"pDONR 201","0387-pDONR 201.gb"
"1016","=HYPERLINK(""X:\holmen lab\plasmids\0388-pDONR 221.gb"",""0388-pDONR 221.gb"")","yes",388,"pDONR 221","0388-pDONR 221.gb"
"1017","=HYPERLINK(""X:\holmen lab\plasmids\0390-pTRE.dna"",""0390-pTRE.dna"")","yes",390,"pTRE","0390-pTRE.dna"
"1018","=HYPERLINK(""X:\holmen lab\plasmids\0391-pUC 19.gb"",""0391-pUC 19.gb"")","yes",391,"pUC 19","0391-pUC 19.gb"
"1019","=HYPERLINK(""X:\holmen lab\plasmids\0411-pDEST FG12 CMV GFP.gb"",""0411-pDEST FG12 CMV GFP.gb"")","yes",411,"pDEST FG12 CMV GFP","0411-pDEST FG12 CMV GFP.gb"
"1020","=HYPERLINK(""X:\holmen lab\plasmids\0412-pAddEsay.dna"",""0412-pAddEsay.dna"")","yes",412,"pAddEsay","0412-pAddEsay.dna"
"1021","=HYPERLINK(""X:\holmen lab\plasmids\0413-pShuttle-CMV-IRES-eGFP.gb"",""0413-pShuttle-CMV-IRES-eGFP.gb"")","yes",413,"pShuttle-CMV-IRES-eGFP","0413-pShuttle-CMV-IRES-eGFP.gb"
"1022","=HYPERLINK(""X:\holmen lab\plasmids\0416-pShuttle-CMV.gb"",""0416-pShuttle-CMV.gb"")","yes",416,"pShuttle-CMV","0416-pShuttle-CMV.gb"
"1023","=HYPERLINK(""X:\holmen lab\plasmids\0417-pShuttle.dna"",""0417-pShuttle.dna"")","yes",417,"pShuttle","0417-pShuttle.dna"
"1024","=HYPERLINK(""X:\holmen lab\plasmids\0420-pENTR MMP9.dna"",""0420-pENTR MMP9.dna"")","yes",420,"pENTR MMP9","0420-pENTR MMP9.dna"
"1025","=HYPERLINK(""X:\holmen lab\plasmids\0490-pDest 12-2 CRE.dna"",""0490-pDest 12-2 CRE.dna"")","yes",490,"pDest 12-2 CRE","0490-pDest 12-2 CRE.dna"
"1026","=HYPERLINK(""X:\holmen lab\plasmids\0514-RCAS y DV(A) MMP9.dna"",""0514-RCAS y DV(A) MMP9.dna"")","yes",514,"RCAS y DV(A) MMP9","0514-RCAS y DV(A) MMP9.dna"
"1027","=HYPERLINK(""X:\holmen lab\plasmids\0601-RCASBP(A) P16-WT-IRES_CRE.dna"",""0601-RCASBP(A) P16-WT-IRES_CRE.dna"")","yes",601,"RCASBP(A) P16-WT-IRES_CRE","0601-RCASBP(A) P16-WT-IRES_CRE.dna"
"1028","=HYPERLINK(""X:\holmen lab\plasmids\0602-RCASBP(A) FLAG-P16-WT-IRES_CRE.dna"",""0602-RCASBP(A) FLAG-P16-WT-IRES_CRE.dna"")","yes",602,"RCASBP(A) FLAG-P16-WT-IRES_CRE","0602-RCASBP(A) FLAG-P16-WT-IRES_CRE.dna"
"1029","=HYPERLINK(""X:\holmen lab\plasmids\0603-PCR8 IDH1wt HA.dna"",""0603-PCR8 IDH1wt HA.dna"")","yes",603,"PCR8 IDH1wt HA","0603-PCR8 IDH1wt HA.dna"
"1030","=HYPERLINK(""X:\holmen lab\plasmids\0607-pENTR201-H1-shGAPDH.dna"",""0607-pENTR201-H1-shGAPDH.dna"")","yes",607,"pENTR201-H1-shGAPDH","0607-pENTR201-H1-shGAPDH.dna"
"1031","=HYPERLINK(""X:\holmen lab\plasmids\0613-pTRIPZ-RFA-DV.dna"",""0613-pTRIPZ-RFA-DV.dna"")","yes",613,"pTRIPZ-RFA-DV","0613-pTRIPZ-RFA-DV.dna"
"1032","=HYPERLINK(""X:\holmen lab\plasmids\0640-RCANBP(A)xTRE2 GFP.dna"",""0640-RCANBP(A)xTRE2 GFP.dna"")","yes",640,"RCANBP(A)xTRE2 GFP","0640-RCANBP(A)xTRE2 GFP.dna"
"1033","=HYPERLINK(""X:\holmen lab\plasmids\0652-RCANBP(A)xTRE2 msBRAF-VE.dna"",""0652-RCANBP(A)xTRE2 msBRAF-VE.dna"")","yes",652,"RCANBP(A)xTRE2 msBRAF-VE","0652-RCANBP(A)xTRE2 msBRAF-VE.dna"
"1034","=HYPERLINK(""X:\holmen lab\plasmids\0660-RCASBP(A)myrAKT3-P2a-CRE.dna"",""0660-RCASBP(A)myrAKT3-P2a-CRE.dna"")","yes",660,"RCASBP(A)myrAKT3-P2a-CRE","0660-RCASBP(A)myrAKT3-P2a-CRE.dna"
"1035","=HYPERLINK(""X:\holmen lab\plasmids\0667-pDEST12.2.gb"",""0667-pDEST12.2.gb"")","yes",667,"pDEST12.2","0667-pDEST12.2.gb"
"1036","=HYPERLINK(""X:\holmen lab\plasmids\0685-pcDNA3.1-ProHB-EGF-CS.gb"",""0685-pcDNA3.1-ProHB-EGF-CS.gb"")","yes",685,"pcDNA3.1-ProHB-EGF-CS","0685-pcDNA3.1-ProHB-EGF-CS.gb"
"1037","=HYPERLINK(""X:\holmen lab\plasmids\0726-RCANBP(A) TRE2-myr-HA-AKT3.dna"",""0726-RCANBP(A) TRE2-myr-HA-AKT3.dna"")","yes",726,"RCANBP(A) TRE2-myr-HA-AKT3","0726-RCANBP(A) TRE2-myr-HA-AKT3.dna"
"1038","=HYPERLINK(""X:\holmen lab\plasmids\0735-FG12 CMV MET-3xFlag (GFP).dna"",""0735-FG12 CMV MET-3xFlag (GFP).dna"")","yes",735,"FG12 CMV MET-3xFlag (GFP)","0735-FG12 CMV MET-3xFlag (GFP).dna"
"1039","=HYPERLINK(""X:\holmen lab\plasmids\0736-RCAS METx3Flag.dna"",""0736-RCAS METx3Flag.dna"")","yes",736,"RCAS METx3Flag","0736-RCAS METx3Flag.dna"
"1040","=HYPERLINK(""X:\holmen lab\plasmids\0759-pENTR FLAG-AKT1.dna"",""0759-pENTR FLAG-AKT1.dna"")","yes",759,"pENTR FLAG-AKT1","0759-pENTR FLAG-AKT1.dna"
"1041","=HYPERLINK(""X:\holmen lab\plasmids\0760-pENTR myr-FLAG-AKT1.dna"",""0760-pENTR myr-FLAG-AKT1.dna"")","yes",760,"pENTR myr-FLAG-AKT1","0760-pENTR myr-FLAG-AKT1.dna"
"1042","=HYPERLINK(""X:\holmen lab\plasmids\0761-pENTR FLAG-AKT2.dna"",""0761-pENTR FLAG-AKT2.dna"")","yes",761,"pENTR FLAG-AKT2","0761-pENTR FLAG-AKT2.dna"
"1043","=HYPERLINK(""X:\holmen lab\plasmids\0762-pENTR myr-FLAG-AKT2.dna"",""0762-pENTR myr-FLAG-AKT2.dna"")","yes",762,"pENTR myr-FLAG-AKT2","0762-pENTR myr-FLAG-AKT2.dna"
"1044","=HYPERLINK(""X:\holmen lab\plasmids\0763-pENTR FLAG-AKT3.dna"",""0763-pENTR FLAG-AKT3.dna"")","yes",763,"pENTR FLAG-AKT3","0763-pENTR FLAG-AKT3.dna"
"1045","=HYPERLINK(""X:\holmen lab\plasmids\0764-pENTR myr-FLAG-AKT3.dna"",""0764-pENTR myr-FLAG-AKT3.dna"")","yes",764,"pENTR myr-FLAG-AKT3","0764-pENTR myr-FLAG-AKT3.dna"
"1046","=HYPERLINK(""X:\holmen lab\plasmids\0780-psPAX2.gb"",""0780-psPAX2.gb"")","yes",780,"psPAX2","0780-psPAX2.gb"
"1047","=HYPERLINK(""X:\holmen lab\plasmids\0783-pDONOR221-pro-HBEGF-CS-mychis.gb"",""0783-pDONOR221-pro-HBEGF-CS-mychis.gb"")","yes",783,"pDONOR221-pro-HBEGF-CS-mychis","0783-pDONOR221-pro-HBEGF-CS-mychis.gb"
"1048","=HYPERLINK(""X:\holmen lab\plasmids\0796-FG12-CMV-mCherry.gb"",""0796-FG12-CMV-mCherry.gb"")","yes",796,"FG12-CMV-mCherry","0796-FG12-CMV-mCherry.gb"
"1049","=HYPERLINK(""X:\holmen lab\plasmids\0801-pENTR4 mouse TG2.dna"",""0801-pENTR4 mouse TG2.dna"")","yes",801,"pENTR4 mouse TG2","0801-pENTR4 mouse TG2.dna"
"1050","=HYPERLINK(""X:\holmen lab\plasmids\0802-RCAS yDV CHA mouse TG2.dna"",""0802-RCAS yDV CHA mouse TG2.dna"")","yes",802,"RCAS yDV CHA mouse TG2","0802-RCAS yDV CHA mouse TG2.dna"
"1051","=HYPERLINK(""X:\holmen lab\plasmids\0815-pCR8-GW-topo-hAXL-cMyc.gb"",""0815-pCR8-GW-topo-hAXL-cMyc.gb"")","yes",815,"pCR8-GW-topo-hAXL-cMyc","0815-pCR8-GW-topo-hAXL-cMyc.gb"
"1052","=HYPERLINK(""X:\holmen lab\plasmids\0838-ACZEGP TRE3 MCS.gb"",""0838-ACZEGP TRE3 MCS.gb"")","yes",838,"ACZEGP TRE3 MCS","0838-ACZEGP TRE3 MCS.gb"
"1053","=HYPERLINK(""X:\holmen lab\plasmids\0859-RCAS LSD1.dna"",""0859-RCAS LSD1.dna"")","yes",859,"RCAS LSD1","0859-RCAS LSD1.dna"
"1054","=HYPERLINK(""X:\holmen lab\plasmids\0860-RCAS JMJD2C.dna"",""0860-RCAS JMJD2C.dna"")","yes",860,"RCAS JMJD2C","0860-RCAS JMJD2C.dna"
"1055","=HYPERLINK(""X:\holmen lab\plasmids\0892-pHIV Luciferase-IRES-ZsGreen (lentivirus).dna"",""0892-pHIV Luciferase-IRES-ZsGreen (lentivirus).dna"")","yes",892,"pHIV Luciferase-IRES-ZsGreen (lentivirus)","0892-pHIV Luciferase-IRES-ZsGreen (lentivirus).dna"
"1056","=HYPERLINK(""X:\holmen lab\plasmids\0894-FG12 myr-HA-Akt1, GFP (mouse).dna"",""0894-FG12 myr-HA-Akt1, GFP (mouse).dna"")","yes",894,"FG12 myr-HA-Akt1, GFP (mouse)","0894-FG12 myr-HA-Akt1, GFP (mouse).dna"
"1057","=HYPERLINK(""X:\holmen lab\plasmids\0896-FG12 myr-HA-Akt2, GFP (mouse).dna"",""0896-FG12 myr-HA-Akt2, GFP (mouse).dna"")","yes",896,"FG12 myr-HA-Akt2, GFP (mouse)","0896-FG12 myr-HA-Akt2, GFP (mouse).dna"
"1058","=HYPERLINK(""X:\holmen lab\plasmids\0897-pCR8 myr-HA-Akt3 (mouse).dna"",""0897-pCR8 myr-HA-Akt3 (mouse).dna"")","yes",897,"pCR8 myr-HA-Akt3 (mouse)","0897-pCR8 myr-HA-Akt3 (mouse).dna"
"1059","=HYPERLINK(""X:\holmen lab\plasmids\0898-FG12 myr-HA-Akt3, GFP (mouse).dna"",""0898-FG12 myr-HA-Akt3, GFP (mouse).dna"")","yes",898,"FG12 myr-HA-Akt3, GFP (mouse)","0898-FG12 myr-HA-Akt3, GFP (mouse).dna"
"1060","=HYPERLINK(""X:\holmen lab\plasmids\0941-pBluescript SK.dna"",""0941-pBluescript SK.dna"")","yes",941,"pBluescript SK","0941-pBluescript SK.dna"
"1061","=HYPERLINK(""X:\holmen lab\plasmids\0944-RCAS HA-Akt2.dna"",""0944-RCAS HA-Akt2.dna"")","yes",944,"RCAS HA-Akt2","0944-RCAS HA-Akt2.dna"
"1062","=HYPERLINK(""X:\holmen lab\plasmids\0960-pCR8 HA-Akt1 E17K, K179M.dna"",""0960-pCR8 HA-Akt1 E17K, K179M.dna"")","yes",960,"pCR8 HA-Akt1 E17K, K179M","0960-pCR8 HA-Akt1 E17K, K179M.dna"
"1063","=HYPERLINK(""X:\holmen lab\plasmids\0961-RCAS HA-Akt1 E17K, K179M.dna"",""0961-RCAS HA-Akt1 E17K, K179M.dna"")","yes",961,"RCAS HA-Akt1 E17K, K179M","0961-RCAS HA-Akt1 E17K, K179M.dna"
"1064","=HYPERLINK(""X:\holmen lab\plasmids\0962-pcDNA3 eGFP.dna"",""0962-pcDNA3 eGFP.dna"")","yes",962,"pcDNA3 eGFP","0962-pcDNA3 eGFP.dna"
"1065","=HYPERLINK(""X:\holmen lab\plasmids\0965-RCAS Golm1-FLAG.dna"",""0965-RCAS Golm1-FLAG.dna"")","yes",965,"RCAS Golm1-FLAG","0965-RCAS Golm1-FLAG.dna"
"1066","=HYPERLINK(""X:\holmen lab\plasmids\0971-RCAS GOLM1-S307L-FLAG.dna"",""0971-RCAS GOLM1-S307L-FLAG.dna"")","yes",971,"RCAS GOLM1-S307L-FLAG","0971-RCAS GOLM1-S307L-FLAG.dna"
"1067","=HYPERLINK(""X:\holmen lab\plasmids\0972-RCAS GOLM1-G370E-FLAG.dna"",""0972-RCAS GOLM1-G370E-FLAG.dna"")","yes",972,"RCAS GOLM1-G370E-FLAG","0972-RCAS GOLM1-G370E-FLAG.dna"
"1068","=HYPERLINK(""X:\holmen lab\plasmids\0980-RCAN TRE3 IDH1 (R132H)-HA.dna"",""0980-RCAN TRE3 IDH1 (R132H)-HA.dna"")","yes",980,"RCAN TRE3 IDH1 (R132H)-HA","0980-RCAN TRE3 IDH1 (R132H)-HA.dna"
"1069","=HYPERLINK(""X:\holmen lab\plasmids\0990-FG12 CMV GFP Ppargc1a.dna"",""0990-FG12 CMV GFP Ppargc1a.dna"")","yes",990,"FG12 CMV GFP Ppargc1a","0990-FG12 CMV GFP Ppargc1a.dna"
"1070","=HYPERLINK(""X:\holmen lab\plasmids\0998-pCR8 GWTOPO Fak.dna"",""0998-pCR8 GWTOPO Fak.dna"")","yes",998,"pCR8 GW/TOPO Fak","0998-pCR8 GWTOPO Fak.dna"
"1071","=HYPERLINK(""X:\holmen lab\plasmids\0999-ACZEGP TRE3 Braf V600E-V5-His.gb"",""0999-ACZEGP TRE3 Braf V600E-V5-His.gb"")","yes",999,"ACZEGP TRE3 Braf V600E-V5-His","0999-ACZEGP TRE3 Braf V600E-V5-His.gb"
"1072","=HYPERLINK(""X:\holmen lab\plasmids\1009-pCR8 GW TOPO HA-FAK.dna"",""1009-pCR8 GW TOPO HA-FAK.dna"")","yes",1009,"pCR8 GW TOPO HA-FAK","1009-pCR8 GW TOPO HA-FAK.dna"
"1073","=HYPERLINK(""X:\holmen lab\plasmids\1011-RCAS HA-FAK.dna"",""1011-RCAS HA-FAK.dna"")","yes",1011,"RCAS HA-FAK","1011-RCAS HA-FAK.dna"
"1074","=HYPERLINK(""X:\holmen lab\plasmids\1014-pCR8 GWTOPO HA-FAK (Y397E).dna.dna"",""1014-pCR8 GWTOPO HA-FAK (Y397E).dna.dna"")","yes",1014,"pCR8 GW/TOPO HA-FAK (Y397E)","1014-pCR8 GWTOPO HA-FAK (Y397E).dna.dna"
"1075","=HYPERLINK(""X:\holmen lab\plasmids\1015-RCAS HA-FAK (Y397E).dna"",""1015-RCAS HA-FAK (Y397E).dna"")","yes",1015,"RCAS HA-FAK (Y397E)","1015-RCAS HA-FAK (Y397E).dna"
"1076","=HYPERLINK(""X:\holmen lab\plasmids\1016-pCR8 GW Dnm1l.dna"",""1016-pCR8 GW Dnm1l.dna"")","yes",1016,"pCR8 GW Dnm1l","1016-pCR8 GW Dnm1l.dna"
"1077","=HYPERLINK(""X:\holmen lab\plasmids\1018-RCAS Dnm1l.dna"",""1018-RCAS Dnm1l.dna"")","yes",1018,"RCAS Dnm1l","1018-RCAS Dnm1l.dna"
"1078","=HYPERLINK(""X:\holmen lab\plasmids\1020-pENTR-2B U6 SapI #3.gb"",""1020-pENTR-2B U6 SapI #3.gb"")","yes",1020,"pENTR-2B U6 SapI #3","1020-pENTR-2B U6 SapI #3.gb"
"1079","=HYPERLINK(""X:\holmen lab\plasmids\1021-pDONR223_PIK3CA_p.H1047R.dna"",""1021-pDONR223_PIK3CA_p.H1047R.dna"")","yes",1021,"pDONR223_PIK3CA_p.H1047R","1021-pDONR223_PIK3CA_p.H1047R.dna"
"1080","=HYPERLINK(""X:\holmen lab\plasmids\1045-FG12 HA-FAK-Y397E, GFP.dna"",""1045-FG12 HA-FAK-Y397E, GFP.dna"")","yes",1045,"FG12 HA-FAK-Y397E, GFP","1045-FG12 HA-FAK-Y397E, GFP.dna"
"1081","=HYPERLINK(""X:\holmen lab\plasmids\1048 - pCR8 GW-TOPO 3xFLAG-Pten (wild type).dna"",""1048 - pCR8 GW-TOPO 3xFLAG-Pten (wild type).dna"")","yes",1048,"pCR8 GW 3xFLAG-Pten","1048 - pCR8 GW-TOPO 3xFLAG-Pten (wild type).dna"
"1082","=HYPERLINK(""X:\holmen lab\plasmids\1049-pCR8 GW His-Pten (C124A).dna"",""1049-pCR8 GW His-Pten (C124A).dna"")","yes",1049,"pCR8 GW His-Pten (C124A)","1049-pCR8 GW His-Pten (C124A).dna"
"1083","=HYPERLINK(""X:\holmen lab\plasmids\1050-pCR8 GW Myc-Pten (G129E).dna"",""1050-pCR8 GW Myc-Pten (G129E).dna"")","yes",1050,"pCR8 GW Myc-Pten (G129E)","1050-pCR8 GW Myc-Pten (G129E).dna"
"1084","=HYPERLINK(""X:\holmen lab\plasmids\1051-pCR8 GW V5-Pten (C124A, G129E).dna"",""1051-pCR8 GW V5-Pten (C124A, G129E).dna"")","yes",1051,"pCR8 GW V5-Pten (C124A, G129E)","1051-pCR8 GW V5-Pten (C124A, G129E).dna"
"1085","=HYPERLINK(""X:\holmen lab\plasmids\1052-FG12 CMV_3xFLAG-Pten, SV40_Luciferase-IRES-eGFP.dna"",""1052-FG12 CMV_3xFLAG-Pten, SV40_Luciferase-IRES-eGFP.dna"")","yes",1052,"FG12 CMV_3xFLAG-Pten, SV40_Luciferase-IRES-eGFP","1052-FG12 CMV_3xFLAG-Pten, SV40_Luciferase-IRES-eGFP.dna"
"1086","=HYPERLINK(""X:\holmen lab\plasmids\1053-FG12 CMV_His-Pten (C124A), SV40_Luciferase-IRES-eGFP.dna"",""1053-FG12 CMV_His-Pten (C124A), SV40_Luciferase-IRES-eGFP.dna"")","yes",1053,"FG12 CMV_His-Pten (C124A), SV40_Luciferase-IRES-eGFP","1053-FG12 CMV_His-Pten (C124A), SV40_Luciferase-IRES-eGFP.dna"
"1087","=HYPERLINK(""X:\holmen lab\plasmids\1054-FG12 CMV_Myc-Pten (G129E), SV40_Luciferase-IRES-eGFP.dna"",""1054-FG12 CMV_Myc-Pten (G129E), SV40_Luciferase-IRES-eGFP.dna"")","yes",1054,"FG12 CMV_Myc-Pten (G129E), SV40_Luciferase-IRES-eGFP","1054-FG12 CMV_Myc-Pten (G129E), SV40_Luciferase-IRES-eGFP.dna"
"1088","=HYPERLINK(""X:\holmen lab\plasmids\1055-FG12 CMV_3xFLAG-Pten (Y138L), SV40_Luciferase-IRES-eGFP.dna"",""1055-FG12 CMV_3xFLAG-Pten (Y138L), SV40_Luciferase-IRES-eGFP.dna"")","yes",1055,"FG12 CMV_3xFLAG-Pten (Y138L), SV40_Luciferase-IRES-eGFP","1055-FG12 CMV_3xFLAG-Pten (Y138L), SV40_Luciferase-IRES-eGFP.dna"
"1089","=HYPERLINK(""X:\holmen lab\plasmids\1059-FG12 CMV_HA-Akt1-E17K, SV40_Luciferase-IRES-eGFP.dna"",""1059-FG12 CMV_HA-Akt1-E17K, SV40_Luciferase-IRES-eGFP.dna"")","yes",1059,"FG12 CMV_HA-Akt1-E17K, SV40_Luciferase-IRES-eGFP","1059-FG12 CMV_HA-Akt1-E17K, SV40_Luciferase-IRES-eGFP.dna"
"1090","=HYPERLINK(""X:\holmen lab\plasmids\1065-pCR8 myr-HA-Akt1-T308A.dna"",""1065-pCR8 myr-HA-Akt1-T308A.dna"")","yes",1065,"pCR8 myr-HA-Akt1-T308A","1065-pCR8 myr-HA-Akt1-T308A.dna"
"1091","=HYPERLINK(""X:\holmen lab\plasmids\1066-RCAS myr-HA-Akt1-T308A.dna"",""1066-RCAS myr-HA-Akt1-T308A.dna"")","yes",1066,"RCAS myr-HA-Akt1-T308A","1066-RCAS myr-HA-Akt1-T308A.dna"
"1092","=HYPERLINK(""X:\holmen lab\plasmids\1067-pCR8 myr-HA-Akt1-S473A.dna"",""1067-pCR8 myr-HA-Akt1-S473A.dna"")","yes",1067,"pCR8 myr-HA-Akt1-S473A","1067-pCR8 myr-HA-Akt1-S473A.dna"
"1093","=HYPERLINK(""X:\holmen lab\plasmids\1068-RCAS myr-HA-Akt1-S473A.dna"",""1068-RCAS myr-HA-Akt1-S473A.dna"")","yes",1068,"RCAS myr-HA-Akt1-S473A","1068-RCAS myr-HA-Akt1-S473A.dna"
"1094","=HYPERLINK(""X:\holmen lab\plasmids\1069-pCR8 myr-HA-Akt1-T308D.dna"",""1069-pCR8 myr-HA-Akt1-T308D.dna"")","yes",1069,"pCR8 myr-HA-Akt1-T308D","1069-pCR8 myr-HA-Akt1-T308D.dna"
"1095","=HYPERLINK(""X:\holmen lab\plasmids\1070-RCAS myr-HA-Akt1-T308D.dna"",""1070-RCAS myr-HA-Akt1-T308D.dna"")","yes",1070,"RCAS myr-HA-Akt1-T308D","1070-RCAS myr-HA-Akt1-T308D.dna"
"1096","=HYPERLINK(""X:\holmen lab\plasmids\1071-pCR8 myr-HA-Akt1-S473D.dna"",""1071-pCR8 myr-HA-Akt1-S473D.dna"")","yes",1071,"pCR8 myr-HA-Akt1-S473D","1071-pCR8 myr-HA-Akt1-S473D.dna"
"1097","=HYPERLINK(""X:\holmen lab\plasmids\1072-RCAS myr-HA-Akt1-S473D.dna"",""1072-RCAS myr-HA-Akt1-S473D.dna"")","yes",1072,"RCAS myr-HA-Akt1-S473D","1072-RCAS myr-HA-Akt1-S473D.dna"
"1098","=HYPERLINK(""X:\holmen lab\plasmids\1073-pCR8 myr-HA-Akt1-T308A, S473A.dna"",""1073-pCR8 myr-HA-Akt1-T308A, S473A.dna"")","yes",1073,"pCR8 myr-HA-Akt1-T308A, S473A","1073-pCR8 myr-HA-Akt1-T308A, S473A.dna"
"1099","=HYPERLINK(""X:\holmen lab\plasmids\1074-RCAS myr-HA-Akt1-T308A, S473A.dna"",""1074-RCAS myr-HA-Akt1-T308A, S473A.dna"")","yes",1074,"RCAS myr-HA-Akt1-T308A, S473A","1074-RCAS myr-HA-Akt1-T308A, S473A.dna"
"1100","=HYPERLINK(""X:\holmen lab\plasmids\1075-pCR8 myr-HA-Akt1-T308A, S473D.dna"",""1075-pCR8 myr-HA-Akt1-T308A, S473D.dna"")","yes",1075,"pCR8 myr-HA-Akt1-T308A, S473D","1075-pCR8 myr-HA-Akt1-T308A, S473D.dna"
"1101","=HYPERLINK(""X:\holmen lab\plasmids\1076-RCAS myr-HA-Akt1-T308A, S473D.dna"",""1076-RCAS myr-HA-Akt1-T308A, S473D.dna"")","yes",1076,"RCAS myr-HA-Akt1-T308A, S473D","1076-RCAS myr-HA-Akt1-T308A, S473D.dna"
"1102","=HYPERLINK(""X:\holmen lab\plasmids\1077-pCR8 myr-HA-Akt1-T308D, S473A.dna"",""1077-pCR8 myr-HA-Akt1-T308D, S473A.dna"")","yes",1077,"pCR8 myr-HA-Akt1-T308D, S473A","1077-pCR8 myr-HA-Akt1-T308D, S473A.dna"
"1103","=HYPERLINK(""X:\holmen lab\plasmids\1078-RCAS myr-HA-Akt1-T308D, S473A.dna"",""1078-RCAS myr-HA-Akt1-T308D, S473A.dna"")","yes",1078,"RCAS myr-HA-Akt1-T308D, S473A","1078-RCAS myr-HA-Akt1-T308D, S473A.dna"
"1104","=HYPERLINK(""X:\holmen lab\plasmids\1079-pCR8 myr-HA-Akt1-T308D, S473D.dna"",""1079-pCR8 myr-HA-Akt1-T308D, S473D.dna"")","yes",1079,"pCR8 myr-HA-Akt1-T308D, S473D","1079-pCR8 myr-HA-Akt1-T308D, S473D.dna"
"1105","=HYPERLINK(""X:\holmen lab\plasmids\1080-RCAS myr-HA-Akt1-T308D, S473D.dna"",""1080-RCAS myr-HA-Akt1-T308D, S473D.dna"")","yes",1080,"RCAS myr-HA-Akt1-T308D, S473D","1080-RCAS myr-HA-Akt1-T308D, S473D.dna"
"1106","=HYPERLINK(""X:\holmen lab\plasmids\1083-FG12 CMV_HA-FAK(Y397E), SV40_Luciferase-IRES-eGFP.dna"",""1083-FG12 CMV_HA-FAK(Y397E), SV40_Luciferase-IRES-eGFP.dna"")","yes",1083,"FG12 CMV_HA-FAK(Y397E), SV40_Luciferase-IRES-eGFP","1083-FG12 CMV_HA-FAK(Y397E), SV40_Luciferase-IRES-eGFP.dna"
"1107","=HYPERLINK(""X:\holmen lab\plasmids\1092-pDONR221-myr-HA-SGK1-K127M.dna"",""1092-pDONR221-myr-HA-SGK1-K127M.dna"")","yes",1092,"pDONR221-myr-HA-SGK1-K127M","1092-pDONR221-myr-HA-SGK1-K127M.dna"
"1108","=HYPERLINK(""X:\holmen lab\plasmids\1093-FG12 CMV_myr-HA-SGK1-K127M, SV40_Luciferase-IRES-eGFP.dna"",""1093-FG12 CMV_myr-HA-SGK1-K127M, SV40_Luciferase-IRES-eGFP.dna"")","yes",1093,"FG12 CMV_myr-HA-SGK1-K127M, SV40_Luciferase-IRES-eGFP","1093-FG12 CMV_myr-HA-SGK1-K127M, SV40_Luciferase-IRES-eGFP.dna"
"1109","=HYPERLINK(""X:\holmen lab\plasmids\1094-pDONR221-myr-HA-SGK3-K191M.dna"",""1094-pDONR221-myr-HA-SGK3-K191M.dna"")","yes",1094,"pDONR221-myr-HA-SGK3-K191M","1094-pDONR221-myr-HA-SGK3-K191M.dna"
"1110","=HYPERLINK(""X:\holmen lab\plasmids\1095-FG12 CMV_myr-HA-SGK3-K191M SV40_Luciferase-IRES-eGFP.dna"",""1095-FG12 CMV_myr-HA-SGK3-K191M SV40_Luciferase-IRES-eGFP.dna"")","yes",1095,"FG12 CMV_myr-HA-SGK3-K191M SV40_Luciferase-IRES-eGFP","1095-FG12 CMV_myr-HA-SGK3-K191M SV40_Luciferase-IRES-eGFP.dna"
