Primer Name,Sequence
attL1 FWD (CS-562),GGGCCCCAAATAATGATTTT
attL2 REV (CS-806),CAGCTGGATGGCAAATAATG
Akt2 500 FWD,GATGATGGAGGTAGCTGTCAA
Akt2 1000 FWD,GATCACTGACTTTGGCTTGTG
Myr-HA-Akt2,CAGCCACCATGGGGAGCAGCAAGAGCAAGCCCAAGGACCCCAGCCAGCGCGGGGGAGAATTCGCATACCCATACGACGTCCCAGACTACGCTAATGAGGTATCTGTCATCAAA
Myr-HA-Akt1,CAGCCACCATGGGGAGCAGCAAGAGCAAGCCCAAGGACCCCAGCCAGCGCGGGGGAGAATTCGCATACCCATACGACGTCCCAGACTACGCAAACGACGTAGCCATTGTGAAG
Myr-HA-Akt3,CAGCCACCATGGGGAGCAGCAAGAGCAAGCCCAAGGACCCCAGCCAGCGCGGGGGAGAATTCGCATACCCATACGACGTCCCAGACTACGCAAGCGATGTTACCATTGTGAAA
Akt2 170 REV,CAGTCTTCATCAGCTGGCATT
Akt3 125 REV,GGGATAAGGTAAGTCCACATC
Akt1 125 REV,GGACTCTCGCTGATCCACATC
Akt2 E40K FWD,TCTTTCATTGGGTATAAGAAAAGGCCCGAGGCCCCTGAC
Akt2 E40K REV,GTCAGGGGCCTCGGGCCTTTTCTTATACCCAATGAAAGA
Akt2 Q79 FWD,TTTGTCATACGCTGCCTGAAATGGACCACAGTCATCGAG
Akt2 Q79 REV,CTCGATGACTGTGGTCCATTTCAGGCAGCGTATGACAAA
HA-Akt2 E17K FWD,CAGCCACCATGGCGTACCCATACGACGTCCCAGACTACGCTAATGAGGTATCTGTCATCAAAGAAGGCTGGCTCCACAAACGTGGTAAATACATCAAGACCTGGAGGCCA
HA-Akt2 FWD,CAGCCACCATGGCGTACCCATACGACGTCCCAGACTACGCTAATGAGGTATCTGTCATCAAA
Akt3 1000 FWD,GCTACCATGAAGACATTCTGT
Akt3 500 FWD,GACTGTGGCCGATGGACTCAA
Akt1 1000 FWD,GATTGTGTCTGCCCTGGACTA
Akt2 REV,GCATTATTACTCTCGGATGCTGGCTGAGTAGGA
HA-Akt1 FWD,CAGCCACCATGGCGTACCCATACGACGTCCCAGACTACGCTAACGACGTAGCCATTGTGAAG
Akt1 E40K REV,ATCCACATCCTGAGGCCGTTTCTTGTAGCCAATAAAGGT
Akt1 E40K FWD,ACCTTTATTGGCTACAAGAAACGGCCTCAGGATGTGGAT
Akt1 REV,GCATTATTAGGCTGTGCCACTGGCTGAGTAG
Akt1 Q79K REV,CTCAATGACTGTGGTCCATTTCAGGCAGCGGATGATAAA
Akt1 Q79K FWD,TTTATCATCCGCTGCCTGAAATGGACCACAGTCATTGAG
HA-Akt3 E17K FWD,CAGCCACCATGGCGTACCCATACGACGTCCCAGACTACGCTAGCGATGTTACCATTGTGAAAGAAGGTTGGGTTCAGAAGAGGGGAAAATATATAAAAAACTGGAGGCCAAG
Akt3 REV,GCATCATCATTCCCGTCCGCTTGCAGAGTAG
HA-Akt3 FWD,CAGCCACCATGGCGTACCCATACGACGTCCCAGACTACGCTAGCGATGTTACCATTGTGAAAG
Akt3 E40K REV,GTCCACATCTTGAGGTTTTTTCTTATAGCCTATGAATGA
Akt3 E40K FWD,TCATTCATAGGCTATAAGAAAAAACCTCAAGATGTGGAC
Akt3 Q79K REV,CTCTATAACAGTGGTCCATTTAAGACATCTGATAATAAA
Akt3 Q79K FWD,TTTATTATCAGATGTCTTAAATGGACCACTGTTATAGAG
Akt1 E17K REV (XhoI incorp),GACCTCGAGTCATCAGGCTGTGC
Akt1 E17K FWD (EcoRI incorp),CACGAATTCCACCATGGCGTACCC
Ubiq C promoter REV,GAAGGATCAGGACGCTCGCTG
pTRIPZ TRE FWD,GGGAGGCCTATATAAGCAGAG
attB1 FWD,CAAGTTTGTACAAAAAAGCAG
Gateway FWD Phiv (28bp),TTTTTTTCTTCCATTTCAGGTGTCGTGAGCTACGCCTGCAGGTACCGGATC
Gateway REV pHIV (26bp),TAATGTTTTTGGCATCTTCCAGTTCAGCGGCCCCATGGTGGTCGACAAGCTTG
FWD GW-compat pHIV lucif (40 bp),GTGGTTCAAAGTTTTTTTCTTCCATTTCAGGTGTCGTGAGCTACGCCTGCAGGTACCGGATC
REV GW-compat pHIV lucif (40 bp),CTGGGCCCTTCTTAATGTTTTTGGCATCTTCCAGTTCAGCGGCCCCATGGTGGTCGACAAGCTTG
FWD GW-compat w/Not I site adj (40bp),GTGGTTCAAAGTTTTTTTCTTCCATTTCAGGTGTCGTGAGCGGCCTACGCCTGCAGGTACCGGATC
pHIV (seq thru Not I),CTTTTGGAGTACGTCGTCTTT
REV GW-compat (post-pHIV seq) (40 bp),TACTCTAGAATAGTTAACGTCGATGAATTCAGTTCAGCGGCCCCATGGTGGTCGACAAGCTTG
EF1a FWD,GAGTTTGGATCTTGGTTCATT
Cmr FWD,TAGTGTTCACCCTTGTTACAC
ccdA FWD,TGTCAATATCTCCGGTCTGGT
CMV FWD,CAGATATACGCGTTGACATTG
CMV FWD near 3' end,CCAAGTCTCCACCCCATTGAC
FWD ZsGreen thru Cla I of pHIV Lucif,CATCTGCAACGCCGACATCAC
REV 3' of Cla I thru Cla I of pHIV Lucif,GTCAGTGGATATCTGATCCCT
FWD-pHIV(#892)-ClaI-pDEST12.2(#667) for GW Compat pHIV Lucif-ZsG,GGCCAAGAAGGGCGGCAAGATCGCCGTGTAAATCGATGGAAGAGCTCGCGAATGCATGT
REV-pHIV(#892)-ClaI-pDEST12.2(#667) for GW Compat pHIV Lucif-ZsG,GTTTTTCTAGGTCTCGATCGAGGTCGACGGTATCGATATGACGTCGCATGCACGCGATC
Env FWD,CAGCCTGAAAGCAGAATAGTA
HA-FAK FWD,TAGTTTAAACACCATGGCGTACCCATACGACGTCCCAGACTACGCTGCAGCTGCTTATCTTGACCCA
Ndel (375) HA-FAK FWD,TAGTTTAAACACCATGGCGTACCCATACGACGTCCCAGACTACGCTTTGGCCAACAGTGAAAAGCAA
REV FAK,GCGTTTAAACTTAGTGTGGCCGTGTCTGCCCTAG
pHIV GW Backbone minus ZsGreen FWD homology to eGFP,GCATGGATGACCTATACTAAGGATCGCATGGAAGAGCTC
pHIV GW Backbone minus ZsGreen REV homology to eGFP,GGTTGTGGCCATATTATCATCG
eGFP FWD homology to pHIV backbone minus ZsGreen,ATAATATGGCCACAACCATGGCCGGATCTAGTAAAG
eGFP REV homology to pHIV backbone minus ZsGreen,TTAGTATAGTTCATCCATGCC
Chloramphenicol REV,GGTACATTGAGCAACTGACTG
ccdB FWD,GACATCAAAAACGCCATTAAC
go.1000,GTTGTGCTTACCAGACCGGA
go.1001,GGTGTCCCTGTTGATACCGG
go.1002,ACAATTCCCAGTCAGAGGCG
go.1003,TCGGTTGGCCTTGTCTTTGT
